fixture_type,transaction_id,date,account,amount,currency,posting_user
synthetic,JE-00001,2025-01-01,4000,10000.0,USD,review_fixture
synthetic,JE-00002,2025-02-02,5000,36.82,USD,review_fixture
synthetic,JE-00003,2025-03-03,4000,45717.86,USD,review_fixture
synthetic,JE-00004,2025-04-04,5000,303.28,USD,review_fixture
synthetic,JE-00005,2025-05-05,4000,6331.01,USD,review_fixture
synthetic,JE-00006,2025-06-06,5000,43895.21,USD,review_fixture
synthetic,JE-00007,2025-07-07,4000,4008.6,USD,review_fixture
synthetic,JE-00008,2025-08-08,5000,986.04,USD,review_fixture
synthetic,JE-00009,2025-09-09,4000,122.54,USD,review_fixture
synthetic,JE-00010,2025-10-10,5000,2725.1,USD,review_fixture
synthetic,JE-00011,2025-11-11,4000,28567.64,USD,review_fixture
synthetic,JE-00012,2025-12-12,5000,38814.42,USD,review_fixture
synthetic,JE-00013,2025-01-13,4000,11274.29,USD,review_fixture
synthetic,JE-00014,2025-02-14,5000,11.33,USD,review_fixture
synthetic,JE-00015,2025-03-15,4000,32443.0,USD,review_fixture
synthetic,JE-00016,2025-04-16,5000,630.49,USD,review_fixture
synthetic,JE-00017,2025-05-17,4000,67.98,USD,review_fixture
synthetic,JE-00018,2025-06-18,5000,326.48,USD,review_fixture
synthetic,JE-00019,2025-07-19,4000,21.54,USD,review_fixture
synthetic,JE-00020,2025-08-20,5000,3443.07,USD,review_fixture
synthetic,JE-00021,2025-09-21,4000,11.59,USD,review_fixture
synthetic,JE-00022,2025-10-22,5000,71.9,USD,review_fixture
synthetic,JE-00023,2025-11-23,4000,27.41,USD,review_fixture
synthetic,JE-00024,2025-12-24,5000,36881.46,USD,review_fixture
synthetic,JE-00025,2025-01-25,4000,32.59,USD,review_fixture
synthetic,JE-00026,2025-02-26,5000,10000.0,USD,review_fixture
synthetic,JE-00027,2025-03-27,4000,6064.24,USD,review_fixture
synthetic,JE-00028,2025-04-28,5000,48410.2,USD,review_fixture
synthetic,JE-00029,2025-05-01,4000,37.44,USD,review_fixture
synthetic,JE-00030,2025-06-02,5000,655.21,USD,review_fixture
synthetic,JE-00031,2025-07-03,4000,110.13,USD,review_fixture
synthetic,JE-00032,2025-08-04,5000,201.46,USD,review_fixture
synthetic,JE-00033,2025-09-05,4000,2342.61,USD,review_fixture
synthetic,JE-00034,2025-10-06,5000,90.63,USD,review_fixture
synthetic,JE-00035,2025-11-07,4000,18371.23,USD,review_fixture
synthetic,JE-00036,2025-12-08,5000,368.38,USD,review_fixture
synthetic,JE-00037,2025-01-09,4000,56.16,USD,review_fixture
synthetic,JE-00038,2025-02-10,5000,30545.86,USD,review_fixture
synthetic,JE-00039,2025-03-11,4000,60.33,USD,review_fixture
synthetic,JE-00040,2025-04-12,5000,16947.56,USD,review_fixture
synthetic,JE-00041,2025-05-13,4000,75930.81,USD,review_fixture
synthetic,JE-00042,2025-06-14,5000,80.93,USD,review_fixture
synthetic,JE-00043,2025-07-15,4000,247.69,USD,review_fixture
synthetic,JE-00044,2025-08-16,5000,10.81,USD,review_fixture
synthetic,JE-00045,2025-09-17,4000,104.16,USD,review_fixture
synthetic,JE-00046,2025-10-18,5000,36550.68,USD,review_fixture
synthetic,JE-00047,2025-11-19,4000,7052.7,USD,review_fixture
synthetic,JE-00048,2025-12-20,5000,15.39,USD,review_fixture
synthetic,JE-00049,2025-01-21,4000,1968.44,USD,review_fixture
synthetic,JE-00050,2025-02-22,5000,1473.77,USD,review_fixture
synthetic,JE-00051,2025-03-23,4000,10000.0,USD,review_fixture
synthetic,JE-00052,2025-04-24,5000,88.24,USD,review_fixture
synthetic,JE-00053,2025-05-25,4000,224.85,USD,review_fixture
synthetic,JE-00054,2025-06-26,5000,3602.24,USD,review_fixture
synthetic,JE-00055,2025-07-27,4000,148.9,USD,review_fixture
synthetic,JE-00056,2025-08-28,5000,437.05,USD,review_fixture
synthetic,JE-00057,2025-09-01,4000,21096.75,USD,review_fixture
synthetic,JE-00058,2025-10-02,5000,54.86,USD,review_fixture
synthetic,JE-00059,2025-11-03,4000,47211.36,USD,review_fixture
synthetic,JE-00060,2025-12-04,5000,496.5,USD,review_fixture
synthetic,JE-00061,2025-01-05,4000,17.91,USD,review_fixture
synthetic,JE-00062,2025-02-06,5000,3477.17,USD,review_fixture
synthetic,JE-00063,2025-03-07,4000,21.51,USD,review_fixture
synthetic,JE-00064,2025-04-08,5000,69523.12,USD,review_fixture
synthetic,JE-00065,2025-05-09,4000,85372.22,USD,review_fixture
synthetic,JE-00066,2025-06-10,5000,1413.21,USD,review_fixture
synthetic,JE-00067,2025-07-11,4000,17.55,USD,review_fixture
synthetic,JE-00068,2025-08-12,5000,99.97,USD,review_fixture
synthetic,JE-00069,2025-09-13,4000,1101.31,USD,review_fixture
synthetic,JE-00070,2025-10-14,5000,91269.12,USD,review_fixture
synthetic,JE-00071,2025-11-15,4000,9664.76,USD,review_fixture
synthetic,JE-00072,2025-12-16,5000,980.01,USD,review_fixture
synthetic,JE-00073,2025-01-17,4000,421.41,USD,review_fixture
synthetic,JE-00074,2025-02-18,5000,47481.12,USD,review_fixture
synthetic,JE-00075,2025-03-19,4000,384.74,USD,review_fixture
synthetic,JE-00076,2025-04-20,5000,10000.0,USD,review_fixture
synthetic,JE-00077,2025-05-21,4000,14.09,USD,review_fixture
synthetic,JE-00078,2025-06-22,5000,570.32,USD,review_fixture
synthetic,JE-00079,2025-07-23,4000,3060.41,USD,review_fixture
synthetic,JE-00080,2025-08-24,5000,1610.72,USD,review_fixture
synthetic,JE-00081,2025-09-25,4000,15662.28,USD,review_fixture
synthetic,JE-00082,2025-10-26,5000,372.2,USD,review_fixture
synthetic,JE-00083,2025-11-27,4000,332.83,USD,review_fixture
synthetic,JE-00084,2025-12-28,5000,520.03,USD,review_fixture
synthetic,JE-00085,2025-01-01,4000,853.96,USD,review_fixture
synthetic,JE-00086,2025-02-02,5000,1019.99,USD,review_fixture
synthetic,JE-00087,2025-03-03,4000,20209.48,USD,review_fixture
synthetic,JE-00088,2025-04-04,5000,356.81,USD,review_fixture
synthetic,JE-00089,2025-05-05,4000,31305.31,USD,review_fixture
synthetic,JE-00090,2025-06-06,5000,1329.9,USD,review_fixture
synthetic,JE-00091,2025-07-07,4000,47.52,USD,review_fixture
synthetic,JE-00092,2025-08-08,5000,1028.56,USD,review_fixture
synthetic,JE-00093,2025-09-09,4000,693.97,USD,review_fixture
synthetic,JE-00094,2025-10-10,5000,59182.15,USD,review_fixture
synthetic,JE-00095,2025-11-11,4000,46105.49,USD,review_fixture
synthetic,JE-00096,2025-12-12,5000,78.47,USD,review_fixture
synthetic,JE-00097,2025-01-13,4000,1829.78,USD,review_fixture
synthetic,JE-00098,2025-02-14,5000,4156.88,USD,review_fixture
synthetic,JE-00099,2025-03-15,4000,27.68,USD,review_fixture
synthetic,JE-00100,2025-04-16,5000,36.6,USD,review_fixture
synthetic,JE-00101,2025-05-17,4000,10000.0,USD,review_fixture
synthetic,JE-00102,2025-06-18,5000,4300.18,USD,review_fixture
synthetic,JE-00103,2025-07-19,4000,24688.37,USD,review_fixture
synthetic,JE-00104,2025-08-20,5000,10.13,USD,review_fixture
synthetic,JE-00105,2025-09-21,4000,506.96,USD,review_fixture
synthetic,JE-00106,2025-10-22,5000,61913.18,USD,review_fixture
synthetic,JE-00107,2025-11-23,4000,1728.53,USD,review_fixture
synthetic,JE-00108,2025-12-24,5000,6191.01,USD,review_fixture
synthetic,JE-00109,2025-01-25,4000,13430.18,USD,review_fixture
synthetic,JE-00110,2025-02-26,5000,660.15,USD,review_fixture
synthetic,JE-00111,2025-03-27,4000,27.56,USD,review_fixture
synthetic,JE-00112,2025-04-28,5000,10664.68,USD,review_fixture
synthetic,JE-00113,2025-05-01,4000,371.38,USD,review_fixture
synthetic,JE-00114,2025-06-02,5000,69803.22,USD,review_fixture
synthetic,JE-00115,2025-07-03,4000,22434.71,USD,review_fixture
synthetic,JE-00116,2025-08-04,5000,17430.7,USD,review_fixture
synthetic,JE-00117,2025-09-05,4000,22881.74,USD,review_fixture
synthetic,JE-00118,2025-10-06,5000,457.4,USD,review_fixture
synthetic,JE-00119,2025-11-07,4000,194.14,USD,review_fixture
synthetic,JE-00120,2025-12-08,5000,8708.83,USD,review_fixture
synthetic,JE-00121,2025-01-09,4000,3496.65,USD,review_fixture
synthetic,JE-00122,2025-02-10,5000,42216.23,USD,review_fixture
synthetic,JE-00123,2025-03-11,4000,3192.59,USD,review_fixture
synthetic,JE-00124,2025-04-12,5000,290.33,USD,review_fixture
synthetic,JE-00125,2025-05-13,4000,52977.94,USD,review_fixture
synthetic,JE-00126,2025-06-14,5000,10000.0,USD,review_fixture
synthetic,JE-00127,2025-07-15,4000,4594.12,USD,review_fixture
synthetic,JE-00128,2025-08-16,5000,48215.65,USD,review_fixture
synthetic,JE-00129,2025-09-17,4000,20.54,USD,review_fixture
synthetic,JE-00130,2025-10-18,5000,46.26,USD,review_fixture
synthetic,JE-00131,2025-11-19,4000,250.01,USD,review_fixture
synthetic,JE-00132,2025-12-20,5000,17970.69,USD,review_fixture
synthetic,JE-00133,2025-01-21,4000,34.09,USD,review_fixture
synthetic,JE-00134,2025-02-22,5000,264.07,USD,review_fixture
synthetic,JE-00135,2025-03-23,4000,124.12,USD,review_fixture
synthetic,JE-00136,2025-04-24,5000,883.59,USD,review_fixture
synthetic,JE-00137,2025-05-25,4000,53.53,USD,review_fixture
synthetic,JE-00138,2025-06-26,5000,33.23,USD,review_fixture
synthetic,JE-00139,2025-07-27,4000,3432.72,USD,review_fixture
synthetic,JE-00140,2025-08-28,5000,5819.54,USD,review_fixture
synthetic,JE-00141,2025-09-01,4000,3585.55,USD,review_fixture
synthetic,JE-00142,2025-10-02,5000,161.86,USD,review_fixture
synthetic,JE-00143,2025-11-03,4000,369.74,USD,review_fixture
synthetic,JE-00144,2025-12-04,5000,38.46,USD,review_fixture
synthetic,JE-00145,2025-01-05,4000,64203.91,USD,review_fixture
synthetic,JE-00146,2025-02-06,5000,2434.24,USD,review_fixture
synthetic,JE-00147,2025-03-07,4000,21.94,USD,review_fixture
synthetic,JE-00148,2025-04-08,5000,155.99,USD,review_fixture
synthetic,JE-00149,2025-05-09,4000,16.35,USD,review_fixture
synthetic,JE-00150,2025-06-10,5000,24.0,USD,review_fixture
synthetic,JE-00151,2025-07-11,4000,10000.0,USD,review_fixture
synthetic,JE-00152,2025-08-12,5000,57861.73,USD,review_fixture
synthetic,JE-00153,2025-09-13,4000,694.1,USD,review_fixture
synthetic,JE-00154,2025-10-14,5000,6236.09,USD,review_fixture
synthetic,JE-00155,2025-11-15,4000,46094.77,USD,review_fixture
synthetic,JE-00156,2025-12-16,5000,3150.88,USD,review_fixture
synthetic,JE-00157,2025-01-17,4000,1096.33,USD,review_fixture
synthetic,JE-00158,2025-02-18,5000,1011.35,USD,review_fixture
synthetic,JE-00159,2025-03-19,4000,505.84,USD,review_fixture
synthetic,JE-00160,2025-04-20,5000,196.12,USD,review_fixture
synthetic,JE-00161,2025-05-21,4000,109.74,USD,review_fixture
synthetic,JE-00162,2025-06-22,5000,122.8,USD,review_fixture
synthetic,JE-00163,2025-07-23,4000,1294.26,USD,review_fixture
synthetic,JE-00164,2025-08-24,5000,958.59,USD,review_fixture
synthetic,JE-00165,2025-09-25,4000,39982.05,USD,review_fixture
synthetic,JE-00166,2025-10-26,5000,849.84,USD,review_fixture
synthetic,JE-00167,2025-11-27,4000,1384.68,USD,review_fixture
synthetic,JE-00168,2025-12-28,5000,13360.16,USD,review_fixture
synthetic,JE-00169,2025-01-01,4000,2486.98,USD,review_fixture
synthetic,JE-00170,2025-02-02,5000,247.91,USD,review_fixture
synthetic,JE-00171,2025-03-03,4000,33299.91,USD,review_fixture
synthetic,JE-00172,2025-04-04,5000,44478.82,USD,review_fixture
synthetic,JE-00173,2025-05-05,4000,14999.37,USD,review_fixture
synthetic,JE-00174,2025-06-06,5000,24987.29,USD,review_fixture
synthetic,JE-00175,2025-07-07,4000,329.02,USD,review_fixture
synthetic,JE-00176,2025-08-08,5000,10000.0,USD,review_fixture
synthetic,JE-00177,2025-09-09,4000,7136.56,USD,review_fixture
synthetic,JE-00178,2025-10-10,5000,915.27,USD,review_fixture
synthetic,JE-00179,2025-11-11,4000,264.21,USD,review_fixture
synthetic,JE-00180,2025-12-12,5000,312.27,USD,review_fixture
synthetic,JE-00181,2025-01-13,4000,6882.89,USD,review_fixture
synthetic,JE-00182,2025-02-14,5000,2469.75,USD,review_fixture
synthetic,JE-00183,2025-03-15,4000,11.04,USD,review_fixture
synthetic,JE-00184,2025-04-16,5000,33300.2,USD,review_fixture
synthetic,JE-00185,2025-05-17,4000,10982.52,USD,review_fixture
synthetic,JE-00186,2025-06-18,5000,28318.29,USD,review_fixture
synthetic,JE-00187,2025-07-19,4000,73990.5,USD,review_fixture
synthetic,JE-00188,2025-08-20,5000,227.52,USD,review_fixture
synthetic,JE-00189,2025-09-21,4000,475.32,USD,review_fixture
synthetic,JE-00190,2025-10-22,5000,4158.92,USD,review_fixture
synthetic,JE-00191,2025-11-23,4000,322.3,USD,review_fixture
synthetic,JE-00192,2025-12-24,5000,4081.26,USD,review_fixture
synthetic,JE-00193,2025-01-25,4000,21288.79,USD,review_fixture
synthetic,JE-00194,2025-02-26,5000,247.59,USD,review_fixture
synthetic,JE-00195,2025-03-27,4000,26.47,USD,review_fixture
synthetic,JE-00196,2025-04-28,5000,1864.26,USD,review_fixture
synthetic,JE-00197,2025-05-01,4000,1194.29,USD,review_fixture
synthetic,JE-00198,2025-06-02,5000,5310.21,USD,review_fixture
synthetic,JE-00199,2025-07-03,4000,1424.78,USD,review_fixture
synthetic,JE-00200,2025-08-04,5000,581.52,USD,review_fixture
synthetic,JE-00201,2025-09-05,4000,10000.0,USD,review_fixture
synthetic,JE-00202,2025-10-06,5000,10.05,USD,review_fixture
synthetic,JE-00203,2025-11-07,4000,5614.99,USD,review_fixture
synthetic,JE-00204,2025-12-08,5000,2791.05,USD,review_fixture
synthetic,JE-00205,2025-01-09,4000,15106.84,USD,review_fixture
synthetic,JE-00206,2025-02-10,5000,963.56,USD,review_fixture
synthetic,JE-00207,2025-03-11,4000,8560.61,USD,review_fixture
synthetic,JE-00208,2025-04-12,5000,206.64,USD,review_fixture
synthetic,JE-00209,2025-05-13,4000,284.91,USD,review_fixture
synthetic,JE-00210,2025-06-14,5000,212.27,USD,review_fixture
synthetic,JE-00211,2025-07-15,4000,18656.15,USD,review_fixture
synthetic,JE-00212,2025-08-16,5000,92948.16,USD,review_fixture
synthetic,JE-00213,2025-09-17,4000,1744.42,USD,review_fixture
synthetic,JE-00214,2025-10-18,5000,30347.06,USD,review_fixture
synthetic,JE-00215,2025-11-19,4000,276.44,USD,review_fixture
synthetic,JE-00216,2025-12-20,5000,774.24,USD,review_fixture
synthetic,JE-00217,2025-01-21,4000,39.29,USD,review_fixture
synthetic,JE-00218,2025-02-22,5000,748.99,USD,review_fixture
synthetic,JE-00219,2025-03-23,4000,16090.33,USD,review_fixture
synthetic,JE-00220,2025-04-24,5000,156.35,USD,review_fixture
synthetic,JE-00221,2025-05-25,4000,70.5,USD,review_fixture
synthetic,JE-00222,2025-06-26,5000,21782.23,USD,review_fixture
synthetic,JE-00223,2025-07-27,4000,19.52,USD,review_fixture
synthetic,JE-00224,2025-08-28,5000,25089.37,USD,review_fixture
synthetic,JE-00225,2025-09-01,4000,11.83,USD,review_fixture
synthetic,JE-00226,2025-10-02,5000,10000.0,USD,review_fixture
synthetic,JE-00227,2025-11-03,4000,2437.42,USD,review_fixture
synthetic,JE-00228,2025-12-04,5000,1875.04,USD,review_fixture
synthetic,JE-00229,2025-01-05,4000,51082.55,USD,review_fixture
synthetic,JE-00230,2025-02-06,5000,633.77,USD,review_fixture
synthetic,JE-00231,2025-03-07,4000,6677.87,USD,review_fixture
synthetic,JE-00232,2025-04-08,5000,12.9,USD,review_fixture
synthetic,JE-00233,2025-05-09,4000,7726.77,USD,review_fixture
synthetic,JE-00234,2025-06-10,5000,679.85,USD,review_fixture
synthetic,JE-00235,2025-07-11,4000,1489.11,USD,review_fixture
synthetic,JE-00236,2025-08-12,5000,261.11,USD,review_fixture
synthetic,JE-00237,2025-09-13,4000,29027.76,USD,review_fixture
synthetic,JE-00238,2025-10-14,5000,12.94,USD,review_fixture
synthetic,JE-00239,2025-11-15,4000,93.95,USD,review_fixture
synthetic,JE-00240,2025-12-16,5000,21175.67,USD,review_fixture
synthetic,JE-00241,2025-01-17,4000,63.81,USD,review_fixture
synthetic,JE-00242,2025-02-18,5000,28.17,USD,review_fixture
synthetic,JE-00243,2025-03-19,4000,2005.52,USD,review_fixture
synthetic,JE-00244,2025-04-20,5000,853.56,USD,review_fixture
synthetic,JE-00245,2025-05-21,4000,979.83,USD,review_fixture
synthetic,JE-00246,2025-06-22,5000,341.23,USD,review_fixture
synthetic,JE-00247,2025-07-23,4000,10.01,USD,review_fixture
synthetic,JE-00248,2025-08-24,5000,7073.74,USD,review_fixture
synthetic,JE-00249,2025-09-25,4000,28934.8,USD,review_fixture
synthetic,JE-00250,2025-10-26,5000,18.56,USD,review_fixture
synthetic,JE-00251,2025-11-27,4000,10000.0,USD,review_fixture
synthetic,JE-00252,2025-12-28,5000,27004.79,USD,review_fixture
synthetic,JE-00253,2025-01-01,4000,1317.64,USD,review_fixture
synthetic,JE-00254,2025-02-02,5000,755.34,USD,review_fixture
synthetic,JE-00255,2025-03-03,4000,291.73,USD,review_fixture
synthetic,JE-00256,2025-04-04,5000,41074.2,USD,review_fixture
synthetic,JE-00257,2025-05-05,4000,6494.5,USD,review_fixture
synthetic,JE-00258,2025-06-06,5000,827.45,USD,review_fixture
synthetic,JE-00259,2025-07-07,4000,11799.26,USD,review_fixture
synthetic,JE-00260,2025-08-08,5000,13.84,USD,review_fixture
synthetic,JE-00261,2025-09-09,4000,41311.71,USD,review_fixture
synthetic,JE-00262,2025-10-10,5000,11657.97,USD,review_fixture
synthetic,JE-00263,2025-11-11,4000,20.55,USD,review_fixture
synthetic,JE-00264,2025-12-12,5000,51803.18,USD,review_fixture
synthetic,JE-00265,2025-01-13,4000,1133.11,USD,review_fixture
synthetic,JE-00266,2025-02-14,5000,218.61,USD,review_fixture
synthetic,JE-00267,2025-03-15,4000,38249.24,USD,review_fixture
synthetic,JE-00268,2025-04-16,5000,8851.02,USD,review_fixture
synthetic,JE-00269,2025-05-17,4000,20.84,USD,review_fixture
synthetic,JE-00270,2025-06-18,5000,489.9,USD,review_fixture
synthetic,JE-00271,2025-07-19,4000,374.08,USD,review_fixture
synthetic,JE-00272,2025-08-20,5000,25865.24,USD,review_fixture
synthetic,JE-00273,2025-09-21,4000,13.37,USD,review_fixture
synthetic,JE-00274,2025-10-22,5000,81.32,USD,review_fixture
synthetic,JE-00275,2025-11-23,4000,1197.15,USD,review_fixture
synthetic,JE-00276,2025-12-24,5000,10000.0,USD,review_fixture
synthetic,JE-00277,2025-01-25,4000,64519.07,USD,review_fixture
synthetic,JE-00278,2025-02-26,5000,47382.99,USD,review_fixture
synthetic,JE-00279,2025-03-27,4000,73.27,USD,review_fixture
synthetic,JE-00280,2025-04-28,5000,289.69,USD,review_fixture
synthetic,JE-00281,2025-05-01,4000,1463.53,USD,review_fixture
synthetic,JE-00282,2025-06-02,5000,15256.93,USD,review_fixture
synthetic,JE-00283,2025-07-03,4000,110.74,USD,review_fixture
synthetic,JE-00284,2025-08-04,5000,25.06,USD,review_fixture
synthetic,JE-00285,2025-09-05,4000,1155.49,USD,review_fixture
synthetic,JE-00286,2025-10-06,5000,32187.43,USD,review_fixture
synthetic,JE-00287,2025-11-07,4000,22846.4,USD,review_fixture
synthetic,JE-00288,2025-12-08,5000,9825.56,USD,review_fixture
synthetic,JE-00289,2025-01-09,4000,19.52,USD,review_fixture
synthetic,JE-00290,2025-02-10,5000,3960.7,USD,review_fixture
synthetic,JE-00291,2025-03-11,4000,377.32,USD,review_fixture
synthetic,JE-00292,2025-04-12,5000,452.3,USD,review_fixture
synthetic,JE-00293,2025-05-13,4000,54.02,USD,review_fixture
synthetic,JE-00294,2025-06-14,5000,2665.99,USD,review_fixture
synthetic,JE-00295,2025-07-15,4000,18914.9,USD,review_fixture
synthetic,JE-00296,2025-08-16,5000,61936.04,USD,review_fixture
synthetic,JE-00297,2025-09-17,4000,96725.42,USD,review_fixture
synthetic,JE-00298,2025-10-18,5000,18.96,USD,review_fixture
synthetic,JE-00299,2025-11-19,4000,42.89,USD,review_fixture
synthetic,JE-00300,2025-12-20,5000,17432.05,USD,review_fixture
synthetic,JE-00301,2025-01-21,4000,10000.0,USD,review_fixture
synthetic,JE-00302,2025-02-22,5000,31977.87,USD,review_fixture
synthetic,JE-00303,2025-03-23,4000,152.94,USD,review_fixture
synthetic,JE-00304,2025-04-24,5000,2494.67,USD,review_fixture
synthetic,JE-00305,2025-05-25,4000,27.28,USD,review_fixture
synthetic,JE-00306,2025-06-26,5000,13.73,USD,review_fixture
synthetic,JE-00307,2025-07-27,4000,49860.35,USD,review_fixture
synthetic,JE-00308,2025-08-28,5000,23.59,USD,review_fixture
synthetic,JE-00309,2025-09-01,4000,28.41,USD,review_fixture
synthetic,JE-00310,2025-10-02,5000,638.87,USD,review_fixture
synthetic,JE-00311,2025-11-03,4000,2154.29,USD,review_fixture
synthetic,JE-00312,2025-12-04,5000,15.91,USD,review_fixture
synthetic,JE-00313,2025-01-05,4000,595.03,USD,review_fixture
synthetic,JE-00314,2025-02-06,5000,102.27,USD,review_fixture
synthetic,JE-00315,2025-03-07,4000,852.5,USD,review_fixture
synthetic,JE-00316,2025-04-08,5000,13983.64,USD,review_fixture
synthetic,JE-00317,2025-05-09,4000,164.78,USD,review_fixture
synthetic,JE-00318,2025-06-10,5000,6250.86,USD,review_fixture
synthetic,JE-00319,2025-07-11,4000,5394.85,USD,review_fixture
synthetic,JE-00320,2025-08-12,5000,3182.85,USD,review_fixture
synthetic,JE-00321,2025-09-13,4000,40.57,USD,review_fixture
synthetic,JE-00322,2025-10-14,5000,46.38,USD,review_fixture
synthetic,JE-00323,2025-11-15,4000,256.3,USD,review_fixture
synthetic,JE-00324,2025-12-16,5000,21.98,USD,review_fixture
synthetic,JE-00325,2025-01-17,4000,2098.81,USD,review_fixture
synthetic,JE-00326,2025-02-18,5000,10000.0,USD,review_fixture
synthetic,JE-00327,2025-03-19,4000,2432.24,USD,review_fixture
synthetic,JE-00328,2025-04-20,5000,753.07,USD,review_fixture
synthetic,JE-00329,2025-05-21,4000,5872.12,USD,review_fixture
synthetic,JE-00330,2025-06-22,5000,9598.3,USD,review_fixture
synthetic,JE-00331,2025-07-23,4000,14.87,USD,review_fixture
synthetic,JE-00332,2025-08-24,5000,1057.82,USD,review_fixture
synthetic,JE-00333,2025-09-25,4000,1510.33,USD,review_fixture
synthetic,JE-00334,2025-10-26,5000,64.97,USD,review_fixture
synthetic,JE-00335,2025-11-27,4000,1310.92,USD,review_fixture
synthetic,JE-00336,2025-12-28,5000,12112.05,USD,review_fixture
synthetic,JE-00337,2025-01-01,4000,50.22,USD,review_fixture
synthetic,JE-00338,2025-02-02,5000,56599.84,USD,review_fixture
synthetic,JE-00339,2025-03-03,4000,13077.87,USD,review_fixture
synthetic,JE-00340,2025-04-04,5000,2567.5,USD,review_fixture
synthetic,JE-00341,2025-05-05,4000,42.65,USD,review_fixture
synthetic,JE-00342,2025-06-06,5000,21290.92,USD,review_fixture
synthetic,JE-00343,2025-07-07,4000,178.25,USD,review_fixture
synthetic,JE-00344,2025-08-08,5000,3315.84,USD,review_fixture
synthetic,JE-00345,2025-09-09,4000,46015.62,USD,review_fixture
synthetic,JE-00346,2025-10-10,5000,18.23,USD,review_fixture
synthetic,JE-00347,2025-11-11,4000,44468.05,USD,review_fixture
synthetic,JE-00348,2025-12-12,5000,606.35,USD,review_fixture
synthetic,JE-00349,2025-01-13,4000,96.49,USD,review_fixture
synthetic,JE-00350,2025-02-14,5000,157.07,USD,review_fixture
synthetic,JE-00351,2025-03-15,4000,10000.0,USD,review_fixture
synthetic,JE-00352,2025-04-16,5000,3440.66,USD,review_fixture
synthetic,JE-00353,2025-05-17,4000,4440.63,USD,review_fixture
synthetic,JE-00354,2025-06-18,5000,89168.16,USD,review_fixture
synthetic,JE-00355,2025-07-19,4000,28384.73,USD,review_fixture
synthetic,JE-00356,2025-08-20,5000,7386.94,USD,review_fixture
synthetic,JE-00357,2025-09-21,4000,31.49,USD,review_fixture
synthetic,JE-00358,2025-10-22,5000,3089.12,USD,review_fixture
synthetic,JE-00359,2025-11-23,4000,389.07,USD,review_fixture
synthetic,JE-00360,2025-12-24,5000,4887.97,USD,review_fixture
synthetic,JE-00361,2025-01-25,4000,74208.34,USD,review_fixture
synthetic,JE-00362,2025-02-26,5000,58.72,USD,review_fixture
synthetic,JE-00363,2025-03-27,4000,311.71,USD,review_fixture
synthetic,JE-00364,2025-04-28,5000,4235.9,USD,review_fixture
synthetic,JE-00365,2025-05-01,4000,97317.48,USD,review_fixture
synthetic,JE-00366,2025-06-02,5000,136.22,USD,review_fixture
synthetic,JE-00367,2025-07-03,4000,384.13,USD,review_fixture
synthetic,JE-00368,2025-08-04,5000,22.87,USD,review_fixture
synthetic,JE-00369,2025-09-05,4000,14.7,USD,review_fixture
synthetic,JE-00370,2025-10-06,5000,1363.67,USD,review_fixture
synthetic,JE-00371,2025-11-07,4000,99165.47,USD,review_fixture
synthetic,JE-00372,2025-12-08,5000,3524.22,USD,review_fixture
synthetic,JE-00373,2025-01-09,4000,463.12,USD,review_fixture
synthetic,JE-00374,2025-02-10,5000,284.7,USD,review_fixture
synthetic,JE-00375,2025-03-11,4000,1271.21,USD,review_fixture
synthetic,JE-00376,2025-04-12,5000,10000.0,USD,review_fixture
synthetic,JE-00377,2025-05-13,4000,10246.26,USD,review_fixture
synthetic,JE-00378,2025-06-14,5000,34478.61,USD,review_fixture
synthetic,JE-00379,2025-07-15,4000,2573.07,USD,review_fixture
synthetic,JE-00380,2025-08-16,5000,81274.72,USD,review_fixture
synthetic,JE-00381,2025-09-17,4000,27.83,USD,review_fixture
synthetic,JE-00382,2025-10-18,5000,2142.14,USD,review_fixture
synthetic,JE-00383,2025-11-19,4000,3092.4,USD,review_fixture
synthetic,JE-00384,2025-12-20,5000,34937.38,USD,review_fixture
synthetic,JE-00385,2025-01-21,4000,14721.31,USD,review_fixture
synthetic,JE-00386,2025-02-22,5000,16206.02,USD,review_fixture
synthetic,JE-00387,2025-03-23,4000,23919.62,USD,review_fixture
synthetic,JE-00388,2025-04-24,5000,1964.35,USD,review_fixture
synthetic,JE-00389,2025-05-25,4000,1299.16,USD,review_fixture
synthetic,JE-00390,2025-06-26,5000,7752.75,USD,review_fixture
synthetic,JE-00391,2025-07-27,4000,8104.07,USD,review_fixture
synthetic,JE-00392,2025-08-28,5000,12310.2,USD,review_fixture
synthetic,JE-00393,2025-09-01,4000,767.2,USD,review_fixture
synthetic,JE-00394,2025-10-02,5000,43253.78,USD,review_fixture
synthetic,JE-00395,2025-11-03,4000,62.51,USD,review_fixture
synthetic,JE-00396,2025-12-04,5000,76.55,USD,review_fixture
synthetic,JE-00397,2025-01-05,4000,22.84,USD,review_fixture
synthetic,JE-00398,2025-02-06,5000,91.33,USD,review_fixture
synthetic,JE-00399,2025-03-07,4000,191.73,USD,review_fixture
synthetic,JE-00400,2025-04-08,5000,108.03,USD,review_fixture
synthetic,JE-00401,2025-05-09,4000,10000.0,USD,review_fixture
synthetic,JE-00402,2025-06-10,5000,3391.45,USD,review_fixture
synthetic,JE-00403,2025-07-11,4000,153.55,USD,review_fixture
synthetic,JE-00404,2025-08-12,5000,3954.64,USD,review_fixture
synthetic,JE-00405,2025-09-13,4000,3031.17,USD,review_fixture
synthetic,JE-00406,2025-10-14,5000,70582.51,USD,review_fixture
synthetic,JE-00407,2025-11-15,4000,1021.36,USD,review_fixture
synthetic,JE-00408,2025-12-16,5000,52149.48,USD,review_fixture
synthetic,JE-00409,2025-01-17,4000,104.95,USD,review_fixture
synthetic,JE-00410,2025-02-18,5000,203.5,USD,review_fixture
synthetic,JE-00411,2025-03-19,4000,54140.11,USD,review_fixture
synthetic,JE-00412,2025-04-20,5000,39072.69,USD,review_fixture
synthetic,JE-00413,2025-05-21,4000,21820.55,USD,review_fixture
synthetic,JE-00414,2025-06-22,5000,25969.58,USD,review_fixture
synthetic,JE-00415,2025-07-23,4000,9246.09,USD,review_fixture
synthetic,JE-00416,2025-08-24,5000,71171.78,USD,review_fixture
synthetic,JE-00417,2025-09-25,4000,18.76,USD,review_fixture
synthetic,JE-00418,2025-10-26,5000,32.02,USD,review_fixture
synthetic,JE-00419,2025-11-27,4000,93.88,USD,review_fixture
synthetic,JE-00420,2025-12-28,5000,86.11,USD,review_fixture
synthetic,JE-00421,2025-01-01,4000,569.95,USD,review_fixture
synthetic,JE-00422,2025-02-02,5000,509.82,USD,review_fixture
synthetic,JE-00423,2025-03-03,4000,14.47,USD,review_fixture
synthetic,JE-00424,2025-04-04,5000,15.32,USD,review_fixture
synthetic,JE-00425,2025-05-05,4000,3839.49,USD,review_fixture
synthetic,JE-00426,2025-06-06,5000,10000.0,USD,review_fixture
synthetic,JE-00427,2025-07-07,4000,43.26,USD,review_fixture
synthetic,JE-00428,2025-08-08,5000,13.75,USD,review_fixture
synthetic,JE-00429,2025-09-09,4000,36524.14,USD,review_fixture
synthetic,JE-00430,2025-10-10,5000,77811.15,USD,review_fixture
synthetic,JE-00431,2025-11-11,4000,16.99,USD,review_fixture
synthetic,JE-00432,2025-12-12,5000,72740.03,USD,review_fixture
synthetic,JE-00433,2025-01-13,4000,106.1,USD,review_fixture
synthetic,JE-00434,2025-02-14,5000,759.57,USD,review_fixture
synthetic,JE-00435,2025-03-15,4000,18.28,USD,review_fixture
synthetic,JE-00436,2025-04-16,5000,31.9,USD,review_fixture
synthetic,JE-00437,2025-05-17,4000,3583.42,USD,review_fixture
synthetic,JE-00438,2025-06-18,5000,187.93,USD,review_fixture
synthetic,JE-00439,2025-07-19,4000,22.45,USD,review_fixture
synthetic,JE-00440,2025-08-20,5000,10983.99,USD,review_fixture
synthetic,JE-00441,2025-09-21,4000,105.82,USD,review_fixture
synthetic,JE-00442,2025-10-22,5000,4099.38,USD,review_fixture
synthetic,JE-00443,2025-11-23,4000,552.35,USD,review_fixture
synthetic,JE-00444,2025-12-24,5000,271.08,USD,review_fixture
synthetic,JE-00445,2025-01-25,4000,687.67,USD,review_fixture
synthetic,JE-00446,2025-02-26,5000,16.9,USD,review_fixture
synthetic,JE-00447,2025-03-27,4000,3164.7,USD,review_fixture
synthetic,JE-00448,2025-04-28,5000,86.83,USD,review_fixture
synthetic,JE-00449,2025-05-01,4000,46.04,USD,review_fixture
synthetic,JE-00450,2025-06-02,5000,215.95,USD,review_fixture
synthetic,JE-00451,2025-07-03,4000,10000.0,USD,review_fixture
synthetic,JE-00452,2025-08-04,5000,662.43,USD,review_fixture
synthetic,JE-00453,2025-09-05,4000,3633.6,USD,review_fixture
synthetic,JE-00454,2025-10-06,5000,12.71,USD,review_fixture
synthetic,JE-00455,2025-11-07,4000,32574.69,USD,review_fixture
synthetic,JE-00456,2025-12-08,5000,4124.12,USD,review_fixture
synthetic,JE-00457,2025-01-09,4000,1319.4,USD,review_fixture
synthetic,JE-00458,2025-02-10,5000,1447.5,USD,review_fixture
synthetic,JE-00459,2025-03-11,4000,75488.58,USD,review_fixture
synthetic,JE-00460,2025-04-12,5000,106.2,USD,review_fixture
synthetic,JE-00461,2025-05-13,4000,172.28,USD,review_fixture
synthetic,JE-00462,2025-06-14,5000,26.74,USD,review_fixture
synthetic,JE-00463,2025-07-15,4000,41535.2,USD,review_fixture
synthetic,JE-00464,2025-08-16,5000,10415.28,USD,review_fixture
synthetic,JE-00465,2025-09-17,4000,461.84,USD,review_fixture
synthetic,JE-00466,2025-10-18,5000,3435.65,USD,review_fixture
synthetic,JE-00467,2025-11-19,4000,788.55,USD,review_fixture
synthetic,JE-00468,2025-12-20,5000,3061.35,USD,review_fixture
synthetic,JE-00469,2025-01-21,4000,90.91,USD,review_fixture
synthetic,JE-00470,2025-02-22,5000,284.01,USD,review_fixture
synthetic,JE-00471,2025-03-23,4000,524.22,USD,review_fixture
synthetic,JE-00472,2025-04-24,5000,13.86,USD,review_fixture
synthetic,JE-00473,2025-05-25,4000,1300.66,USD,review_fixture
synthetic,JE-00474,2025-06-26,5000,11269.96,USD,review_fixture
synthetic,JE-00475,2025-07-27,4000,28.22,USD,review_fixture
synthetic,JE-00476,2025-08-28,5000,10000.0,USD,review_fixture
synthetic,JE-00477,2025-09-01,4000,102.11,USD,review_fixture
synthetic,JE-00478,2025-10-02,5000,382.58,USD,review_fixture
synthetic,JE-00479,2025-11-03,4000,499.0,USD,review_fixture
synthetic,JE-00480,2025-12-04,5000,63815.21,USD,review_fixture
synthetic,JE-00481,2025-01-05,4000,12.32,USD,review_fixture
synthetic,JE-00482,2025-02-06,5000,1017.07,USD,review_fixture
synthetic,JE-00483,2025-03-07,4000,25320.82,USD,review_fixture
synthetic,JE-00484,2025-04-08,5000,3897.0,USD,review_fixture
synthetic,JE-00485,2025-05-09,4000,24.34,USD,review_fixture
synthetic,JE-00486,2025-06-10,5000,70.33,USD,review_fixture
synthetic,JE-00487,2025-07-11,4000,26.0,USD,review_fixture
synthetic,JE-00488,2025-08-12,5000,79.85,USD,review_fixture
synthetic,JE-00489,2025-09-13,4000,30.69,USD,review_fixture
synthetic,JE-00490,2025-10-14,5000,266.71,USD,review_fixture
synthetic,JE-00491,2025-11-15,4000,44661.33,USD,review_fixture
synthetic,JE-00492,2025-12-16,5000,214.28,USD,review_fixture
synthetic,JE-00493,2025-01-17,4000,6527.32,USD,review_fixture
synthetic,JE-00494,2025-02-18,5000,13.11,USD,review_fixture
synthetic,JE-00495,2025-03-19,4000,73.27,USD,review_fixture
synthetic,JE-00496,2025-04-20,5000,91.03,USD,review_fixture
synthetic,JE-00497,2025-05-21,4000,36033.48,USD,review_fixture
synthetic,JE-00498,2025-06-22,5000,30.0,USD,review_fixture
synthetic,JE-00499,2025-07-23,4000,3761.42,USD,review_fixture
synthetic,JE-00500,2025-08-24,5000,440.26,USD,review_fixture
synthetic,JE-00501,2025-09-25,4000,10000.0,USD,review_fixture
synthetic,JE-00502,2025-10-26,5000,80643.77,USD,review_fixture
synthetic,JE-00503,2025-11-27,4000,23555.9,USD,review_fixture
synthetic,JE-00504,2025-12-28,5000,118.85,USD,review_fixture
synthetic,JE-00505,2025-01-01,4000,75.49,USD,review_fixture
synthetic,JE-00506,2025-02-02,5000,111.21,USD,review_fixture
synthetic,JE-00507,2025-03-03,4000,116.37,USD,review_fixture
synthetic,JE-00508,2025-04-04,5000,26296.55,USD,review_fixture
synthetic,JE-00509,2025-05-05,4000,116.53,USD,review_fixture
synthetic,JE-00510,2025-06-06,5000,2697.69,USD,review_fixture
synthetic,JE-00511,2025-07-07,4000,119.58,USD,review_fixture
synthetic,JE-00512,2025-08-08,5000,46.21,USD,review_fixture
synthetic,JE-00513,2025-09-09,4000,109.68,USD,review_fixture
synthetic,JE-00514,2025-10-10,5000,12085.4,USD,review_fixture
synthetic,JE-00515,2025-11-11,4000,82.32,USD,review_fixture
synthetic,JE-00516,2025-12-12,5000,88881.09,USD,review_fixture
synthetic,JE-00517,2025-01-13,4000,11652.33,USD,review_fixture
synthetic,JE-00518,2025-02-14,5000,48836.47,USD,review_fixture
synthetic,JE-00519,2025-03-15,4000,31.95,USD,review_fixture
synthetic,JE-00520,2025-04-16,5000,64465.25,USD,review_fixture
synthetic,JE-00521,2025-05-17,4000,20412.15,USD,review_fixture
synthetic,JE-00522,2025-06-18,5000,253.5,USD,review_fixture
synthetic,JE-00523,2025-07-19,4000,11.24,USD,review_fixture
synthetic,JE-00524,2025-08-20,5000,27187.39,USD,review_fixture
synthetic,JE-00525,2025-09-21,4000,40.13,USD,review_fixture
synthetic,JE-00526,2025-10-22,5000,10000.0,USD,review_fixture
synthetic,JE-00527,2025-11-23,4000,103.54,USD,review_fixture
synthetic,JE-00528,2025-12-24,5000,86039.68,USD,review_fixture
synthetic,JE-00529,2025-01-25,4000,14.13,USD,review_fixture
synthetic,JE-00530,2025-02-26,5000,135.44,USD,review_fixture
synthetic,JE-00531,2025-03-27,4000,72.19,USD,review_fixture
synthetic,JE-00532,2025-04-28,5000,62.0,USD,review_fixture
synthetic,JE-00533,2025-05-01,4000,665.32,USD,review_fixture
synthetic,JE-00534,2025-06-02,5000,154.16,USD,review_fixture
synthetic,JE-00535,2025-07-03,4000,3231.36,USD,review_fixture
synthetic,JE-00536,2025-08-04,5000,12.44,USD,review_fixture
synthetic,JE-00537,2025-09-05,4000,325.99,USD,review_fixture
synthetic,JE-00538,2025-10-06,5000,18.41,USD,review_fixture
synthetic,JE-00539,2025-11-07,4000,3541.63,USD,review_fixture
synthetic,JE-00540,2025-12-08,5000,241.38,USD,review_fixture
synthetic,JE-00541,2025-01-09,4000,10076.97,USD,review_fixture
synthetic,JE-00542,2025-02-10,5000,1969.74,USD,review_fixture
synthetic,JE-00543,2025-03-11,4000,3709.63,USD,review_fixture
synthetic,JE-00544,2025-04-12,5000,110.23,USD,review_fixture
synthetic,JE-00545,2025-05-13,4000,72301.03,USD,review_fixture
synthetic,JE-00546,2025-06-14,5000,95.67,USD,review_fixture
synthetic,JE-00547,2025-07-15,4000,31.51,USD,review_fixture
synthetic,JE-00548,2025-08-16,5000,14.82,USD,review_fixture
synthetic,JE-00549,2025-09-17,4000,393.56,USD,review_fixture
synthetic,JE-00550,2025-10-18,5000,46989.48,USD,review_fixture
synthetic,JE-00551,2025-11-19,4000,10000.0,USD,review_fixture
synthetic,JE-00552,2025-12-20,5000,21560.07,USD,review_fixture
synthetic,JE-00553,2025-01-21,4000,3752.55,USD,review_fixture
synthetic,JE-00554,2025-02-22,5000,25480.16,USD,review_fixture
synthetic,JE-00555,2025-03-23,4000,1294.6,USD,review_fixture
synthetic,JE-00556,2025-04-24,5000,175.3,USD,review_fixture
synthetic,JE-00557,2025-05-25,4000,10.19,USD,review_fixture
synthetic,JE-00558,2025-06-26,5000,46304.18,USD,review_fixture
synthetic,JE-00559,2025-07-27,4000,402.19,USD,review_fixture
synthetic,JE-00560,2025-08-28,5000,5796.74,USD,review_fixture
synthetic,JE-00561,2025-09-01,4000,27027.72,USD,review_fixture
synthetic,JE-00562,2025-10-02,5000,2807.28,USD,review_fixture
synthetic,JE-00563,2025-11-03,4000,23.16,USD,review_fixture
synthetic,JE-00564,2025-12-04,5000,17918.32,USD,review_fixture
synthetic,JE-00565,2025-01-05,4000,337.23,USD,review_fixture
synthetic,JE-00566,2025-02-06,5000,45.27,USD,review_fixture
synthetic,JE-00567,2025-03-07,4000,73.9,USD,review_fixture
synthetic,JE-00568,2025-04-08,5000,10.07,USD,review_fixture
synthetic,JE-00569,2025-05-09,4000,105.59,USD,review_fixture
synthetic,JE-00570,2025-06-10,5000,19338.21,USD,review_fixture
synthetic,JE-00571,2025-07-11,4000,8025.26,USD,review_fixture
synthetic,JE-00572,2025-08-12,5000,19.52,USD,review_fixture
synthetic,JE-00573,2025-09-13,4000,26457.84,USD,review_fixture
synthetic,JE-00574,2025-10-14,5000,20442.57,USD,review_fixture
synthetic,JE-00575,2025-11-15,4000,796.52,USD,review_fixture
synthetic,JE-00576,2025-12-16,5000,10000.0,USD,review_fixture
synthetic,JE-00577,2025-01-17,4000,5468.33,USD,review_fixture
synthetic,JE-00578,2025-02-18,5000,9750.07,USD,review_fixture
synthetic,JE-00579,2025-03-19,4000,18.9,USD,review_fixture
synthetic,JE-00580,2025-04-20,5000,80488.37,USD,review_fixture
synthetic,JE-00581,2025-05-21,4000,34.1,USD,review_fixture
synthetic,JE-00582,2025-06-22,5000,5685.96,USD,review_fixture
synthetic,JE-00583,2025-07-23,4000,3026.27,USD,review_fixture
synthetic,JE-00584,2025-08-24,5000,40.16,USD,review_fixture
synthetic,JE-00585,2025-09-25,4000,5995.73,USD,review_fixture
synthetic,JE-00586,2025-10-26,5000,974.18,USD,review_fixture
synthetic,JE-00587,2025-11-27,4000,892.88,USD,review_fixture
synthetic,JE-00588,2025-12-28,5000,27.03,USD,review_fixture
synthetic,JE-00589,2025-01-01,4000,40057.61,USD,review_fixture
synthetic,JE-00590,2025-02-02,5000,1140.7,USD,review_fixture
synthetic,JE-00591,2025-03-03,4000,33.45,USD,review_fixture
synthetic,JE-00592,2025-04-04,5000,36381.89,USD,review_fixture
synthetic,JE-00593,2025-05-05,4000,1350.32,USD,review_fixture
synthetic,JE-00594,2025-06-06,5000,9023.55,USD,review_fixture
synthetic,JE-00595,2025-07-07,4000,1631.99,USD,review_fixture
synthetic,JE-00596,2025-08-08,5000,394.17,USD,review_fixture
synthetic,JE-00597,2025-09-09,4000,1374.33,USD,review_fixture
synthetic,JE-00598,2025-10-10,5000,3581.92,USD,review_fixture
synthetic,JE-00599,2025-11-11,4000,1551.32,USD,review_fixture
synthetic,JE-00600,2025-12-12,5000,332.84,USD,review_fixture
synthetic,JE-00601,2025-01-13,4000,10000.0,USD,review_fixture
synthetic,JE-00602,2025-02-14,5000,155.2,USD,review_fixture
synthetic,JE-00603,2025-03-15,4000,13.6,USD,review_fixture
synthetic,JE-00604,2025-04-16,5000,31.58,USD,review_fixture
synthetic,JE-00605,2025-05-17,4000,114.72,USD,review_fixture
synthetic,JE-00606,2025-06-18,5000,524.42,USD,review_fixture
synthetic,JE-00607,2025-07-19,4000,7548.95,USD,review_fixture
synthetic,JE-00608,2025-08-20,5000,38525.93,USD,review_fixture
synthetic,JE-00609,2025-09-21,4000,27.24,USD,review_fixture
synthetic,JE-00610,2025-10-22,5000,83316.84,USD,review_fixture
synthetic,JE-00611,2025-11-23,4000,59.42,USD,review_fixture
synthetic,JE-00612,2025-12-24,5000,13.51,USD,review_fixture
synthetic,JE-00613,2025-01-25,4000,66.57,USD,review_fixture
synthetic,JE-00614,2025-02-26,5000,4160.2,USD,review_fixture
synthetic,JE-00615,2025-03-27,4000,1467.65,USD,review_fixture
synthetic,JE-00616,2025-04-28,5000,22160.42,USD,review_fixture
synthetic,JE-00617,2025-05-01,4000,88.49,USD,review_fixture
synthetic,JE-00618,2025-06-02,5000,111.1,USD,review_fixture
synthetic,JE-00619,2025-07-03,4000,31.47,USD,review_fixture
synthetic,JE-00620,2025-08-04,5000,89.81,USD,review_fixture
synthetic,JE-00621,2025-09-05,4000,199.12,USD,review_fixture
synthetic,JE-00622,2025-10-06,5000,40238.04,USD,review_fixture
synthetic,JE-00623,2025-11-07,4000,67931.23,USD,review_fixture
synthetic,JE-00624,2025-12-08,5000,19.94,USD,review_fixture
synthetic,JE-00625,2025-01-09,4000,453.46,USD,review_fixture
synthetic,JE-00626,2025-02-10,5000,10000.0,USD,review_fixture
synthetic,JE-00627,2025-03-11,4000,45.47,USD,review_fixture
synthetic,JE-00628,2025-04-12,5000,26992.3,USD,review_fixture
synthetic,JE-00629,2025-05-13,4000,549.37,USD,review_fixture
synthetic,JE-00630,2025-06-14,5000,646.55,USD,review_fixture
synthetic,JE-00631,2025-07-15,4000,2228.1,USD,review_fixture
synthetic,JE-00632,2025-08-16,5000,967.36,USD,review_fixture
synthetic,JE-00633,2025-09-17,4000,8516.16,USD,review_fixture
synthetic,JE-00634,2025-10-18,5000,45.13,USD,review_fixture
synthetic,JE-00635,2025-11-19,4000,16.02,USD,review_fixture
synthetic,JE-00636,2025-12-20,5000,219.31,USD,review_fixture
synthetic,JE-00637,2025-01-21,4000,28.93,USD,review_fixture
synthetic,JE-00638,2025-02-22,5000,5080.95,USD,review_fixture
synthetic,JE-00639,2025-03-23,4000,3551.52,USD,review_fixture
synthetic,JE-00640,2025-04-24,5000,23.86,USD,review_fixture
synthetic,JE-00641,2025-05-25,4000,4040.1,USD,review_fixture
synthetic,JE-00642,2025-06-26,5000,25.32,USD,review_fixture
synthetic,JE-00643,2025-07-27,4000,4678.76,USD,review_fixture
synthetic,JE-00644,2025-08-28,5000,168.82,USD,review_fixture
synthetic,JE-00645,2025-09-01,4000,47.6,USD,review_fixture
synthetic,JE-00646,2025-10-02,5000,958.35,USD,review_fixture
synthetic,JE-00647,2025-11-03,4000,31073.0,USD,review_fixture
synthetic,JE-00648,2025-12-04,5000,14958.42,USD,review_fixture
synthetic,JE-00649,2025-01-05,4000,26.07,USD,review_fixture
synthetic,JE-00650,2025-02-06,5000,53.43,USD,review_fixture
synthetic,JE-00651,2025-03-07,4000,10000.0,USD,review_fixture
synthetic,JE-00652,2025-04-08,5000,3305.76,USD,review_fixture
synthetic,JE-00653,2025-05-09,4000,99450.58,USD,review_fixture
synthetic,JE-00654,2025-06-10,5000,568.53,USD,review_fixture
synthetic,JE-00655,2025-07-11,4000,1057.51,USD,review_fixture
synthetic,JE-00656,2025-08-12,5000,1114.48,USD,review_fixture
synthetic,JE-00657,2025-09-13,4000,450.62,USD,review_fixture
synthetic,JE-00658,2025-10-14,5000,64370.81,USD,review_fixture
synthetic,JE-00659,2025-11-15,4000,11743.49,USD,review_fixture
synthetic,JE-00660,2025-12-16,5000,5714.61,USD,review_fixture
synthetic,JE-00661,2025-01-17,4000,48420.94,USD,review_fixture
synthetic,JE-00662,2025-02-18,5000,6175.15,USD,review_fixture
synthetic,JE-00663,2025-03-19,4000,37940.69,USD,review_fixture
synthetic,JE-00664,2025-04-20,5000,463.42,USD,review_fixture
synthetic,JE-00665,2025-05-21,4000,11.75,USD,review_fixture
synthetic,JE-00666,2025-06-22,5000,16.18,USD,review_fixture
synthetic,JE-00667,2025-07-23,4000,1597.75,USD,review_fixture
synthetic,JE-00668,2025-08-24,5000,1841.18,USD,review_fixture
synthetic,JE-00669,2025-09-25,4000,13.1,USD,review_fixture
synthetic,JE-00670,2025-10-26,5000,76.32,USD,review_fixture
synthetic,JE-00671,2025-11-27,4000,51319.47,USD,review_fixture
synthetic,JE-00672,2025-12-28,5000,21.05,USD,review_fixture
synthetic,JE-00673,2025-01-01,4000,114.58,USD,review_fixture
synthetic,JE-00674,2025-02-02,5000,9534.66,USD,review_fixture
synthetic,JE-00675,2025-03-03,4000,907.47,USD,review_fixture
synthetic,JE-00676,2025-04-04,5000,10000.0,USD,review_fixture
synthetic,JE-00677,2025-05-05,4000,64.29,USD,review_fixture
synthetic,JE-00678,2025-06-06,5000,44849.15,USD,review_fixture
synthetic,JE-00679,2025-07-07,4000,5609.03,USD,review_fixture
synthetic,JE-00680,2025-08-08,5000,8059.22,USD,review_fixture
synthetic,JE-00681,2025-09-09,4000,11323.3,USD,review_fixture
synthetic,JE-00682,2025-10-10,5000,103.39,USD,review_fixture
synthetic,JE-00683,2025-11-11,4000,840.17,USD,review_fixture
synthetic,JE-00684,2025-12-12,5000,2704.7,USD,review_fixture
synthetic,JE-00685,2025-01-13,4000,40534.6,USD,review_fixture
synthetic,JE-00686,2025-02-14,5000,51943.62,USD,review_fixture
synthetic,JE-00687,2025-03-15,4000,148.61,USD,review_fixture
synthetic,JE-00688,2025-04-16,5000,22217.73,USD,review_fixture
synthetic,JE-00689,2025-05-17,4000,7054.56,USD,review_fixture
synthetic,JE-00690,2025-06-18,5000,55.08,USD,review_fixture
synthetic,JE-00691,2025-07-19,4000,280.31,USD,review_fixture
synthetic,JE-00692,2025-08-20,5000,4664.18,USD,review_fixture
synthetic,JE-00693,2025-09-21,4000,70.31,USD,review_fixture
synthetic,JE-00694,2025-10-22,5000,46.08,USD,review_fixture
synthetic,JE-00695,2025-11-23,4000,47.62,USD,review_fixture
synthetic,JE-00696,2025-12-24,5000,519.75,USD,review_fixture
synthetic,JE-00697,2025-01-25,4000,6951.65,USD,review_fixture
synthetic,JE-00698,2025-02-26,5000,29009.37,USD,review_fixture
synthetic,JE-00699,2025-03-27,4000,53.85,USD,review_fixture
synthetic,JE-00700,2025-04-28,5000,37.9,USD,review_fixture
synthetic,JE-00701,2025-05-01,4000,10000.0,USD,review_fixture
synthetic,JE-00702,2025-06-02,5000,28330.1,USD,review_fixture
synthetic,JE-00703,2025-07-03,4000,44376.79,USD,review_fixture
synthetic,JE-00704,2025-08-04,5000,71.87,USD,review_fixture
synthetic,JE-00705,2025-09-05,4000,24511.54,USD,review_fixture
synthetic,JE-00706,2025-10-06,5000,136.37,USD,review_fixture
synthetic,JE-00707,2025-11-07,4000,224.35,USD,review_fixture
synthetic,JE-00708,2025-12-08,5000,4278.32,USD,review_fixture
synthetic,JE-00709,2025-01-09,4000,28945.7,USD,review_fixture
synthetic,JE-00710,2025-02-10,5000,365.47,USD,review_fixture
synthetic,JE-00711,2025-03-11,4000,74209.25,USD,review_fixture
synthetic,JE-00712,2025-04-12,5000,160.85,USD,review_fixture
synthetic,JE-00713,2025-05-13,4000,26805.33,USD,review_fixture
synthetic,JE-00714,2025-06-14,5000,2135.66,USD,review_fixture
synthetic,JE-00715,2025-07-15,4000,945.46,USD,review_fixture
synthetic,JE-00716,2025-08-16,5000,1497.7,USD,review_fixture
synthetic,JE-00717,2025-09-17,4000,6249.16,USD,review_fixture
synthetic,JE-00718,2025-10-18,5000,4259.02,USD,review_fixture
synthetic,JE-00719,2025-11-19,4000,200.75,USD,review_fixture
synthetic,JE-00720,2025-12-20,5000,239.9,USD,review_fixture
synthetic,JE-00721,2025-01-21,4000,9928.77,USD,review_fixture
synthetic,JE-00722,2025-02-22,5000,1144.42,USD,review_fixture
synthetic,JE-00723,2025-03-23,4000,220.97,USD,review_fixture
synthetic,JE-00724,2025-04-24,5000,3871.74,USD,review_fixture
synthetic,JE-00725,2025-05-25,4000,16.84,USD,review_fixture
synthetic,JE-00726,2025-06-26,5000,10000.0,USD,review_fixture
synthetic,JE-00727,2025-07-27,4000,14624.35,USD,review_fixture
synthetic,JE-00728,2025-08-28,5000,1161.45,USD,review_fixture
synthetic,JE-00729,2025-09-01,4000,315.85,USD,review_fixture
synthetic,JE-00730,2025-10-02,5000,6349.36,USD,review_fixture
synthetic,JE-00731,2025-11-03,4000,15.64,USD,review_fixture
synthetic,JE-00732,2025-12-04,5000,6289.87,USD,review_fixture
synthetic,JE-00733,2025-01-05,4000,58.05,USD,review_fixture
synthetic,JE-00734,2025-02-06,5000,68217.69,USD,review_fixture
synthetic,JE-00735,2025-03-07,4000,315.65,USD,review_fixture
synthetic,JE-00736,2025-04-08,5000,13.58,USD,review_fixture
synthetic,JE-00737,2025-05-09,4000,1003.64,USD,review_fixture
synthetic,JE-00738,2025-06-10,5000,614.47,USD,review_fixture
synthetic,JE-00739,2025-07-11,4000,1147.78,USD,review_fixture
synthetic,JE-00740,2025-08-12,5000,15479.09,USD,review_fixture
synthetic,JE-00741,2025-09-13,4000,10130.29,USD,review_fixture
synthetic,JE-00742,2025-10-14,5000,45302.72,USD,review_fixture
synthetic,JE-00743,2025-11-15,4000,64606.21,USD,review_fixture
synthetic,JE-00744,2025-12-16,5000,174.09,USD,review_fixture
synthetic,JE-00745,2025-01-17,4000,58.27,USD,review_fixture
synthetic,JE-00746,2025-02-18,5000,463.83,USD,review_fixture
synthetic,JE-00747,2025-03-19,4000,43.91,USD,review_fixture
synthetic,JE-00748,2025-04-20,5000,10.91,USD,review_fixture
synthetic,JE-00749,2025-05-21,4000,21.34,USD,review_fixture
synthetic,JE-00750,2025-06-22,5000,9208.84,USD,review_fixture
synthetic,JE-00751,2025-07-23,4000,10000.0,USD,review_fixture
synthetic,JE-00752,2025-08-24,5000,160.64,USD,review_fixture
synthetic,JE-00753,2025-09-25,4000,9146.05,USD,review_fixture
synthetic,JE-00754,2025-10-26,5000,866.98,USD,review_fixture
synthetic,JE-00755,2025-11-27,4000,16.83,USD,review_fixture
synthetic,JE-00756,2025-12-28,5000,15983.32,USD,review_fixture
synthetic,JE-00757,2025-01-01,4000,1918.14,USD,review_fixture
synthetic,JE-00758,2025-02-02,5000,11.53,USD,review_fixture
synthetic,JE-00759,2025-03-03,4000,18.29,USD,review_fixture
synthetic,JE-00760,2025-04-04,5000,12665.68,USD,review_fixture
synthetic,JE-00761,2025-05-05,4000,6154.33,USD,review_fixture
synthetic,JE-00762,2025-06-06,5000,124.92,USD,review_fixture
synthetic,JE-00763,2025-07-07,4000,3833.87,USD,review_fixture
synthetic,JE-00764,2025-08-08,5000,34.64,USD,review_fixture
synthetic,JE-00765,2025-09-09,4000,50083.96,USD,review_fixture
synthetic,JE-00766,2025-10-10,5000,128.63,USD,review_fixture
synthetic,JE-00767,2025-11-11,4000,71554.07,USD,review_fixture
synthetic,JE-00768,2025-12-12,5000,9428.6,USD,review_fixture
synthetic,JE-00769,2025-01-13,4000,590.46,USD,review_fixture
synthetic,JE-00770,2025-02-14,5000,163.08,USD,review_fixture
synthetic,JE-00771,2025-03-15,4000,2041.07,USD,review_fixture
synthetic,JE-00772,2025-04-16,5000,45.37,USD,review_fixture
synthetic,JE-00773,2025-05-17,4000,28675.63,USD,review_fixture
synthetic,JE-00774,2025-06-18,5000,39.97,USD,review_fixture
synthetic,JE-00775,2025-07-19,4000,101.82,USD,review_fixture
synthetic,JE-00776,2025-08-20,5000,10000.0,USD,review_fixture
synthetic,JE-00777,2025-09-21,4000,133.69,USD,review_fixture
synthetic,JE-00778,2025-10-22,5000,12.63,USD,review_fixture
synthetic,JE-00779,2025-11-23,4000,71278.06,USD,review_fixture
synthetic,JE-00780,2025-12-24,5000,544.66,USD,review_fixture
synthetic,JE-00781,2025-01-25,4000,96373.04,USD,review_fixture
synthetic,JE-00782,2025-02-26,5000,75419.92,USD,review_fixture
synthetic,JE-00783,2025-03-27,4000,32.51,USD,review_fixture
synthetic,JE-00784,2025-04-28,5000,60.0,USD,review_fixture
synthetic,JE-00785,2025-05-01,4000,2502.75,USD,review_fixture
synthetic,JE-00786,2025-06-02,5000,156.03,USD,review_fixture
synthetic,JE-00787,2025-07-03,4000,89.68,USD,review_fixture
synthetic,JE-00788,2025-08-04,5000,573.28,USD,review_fixture
synthetic,JE-00789,2025-09-05,4000,480.55,USD,review_fixture
synthetic,JE-00790,2025-10-06,5000,50.04,USD,review_fixture
synthetic,JE-00791,2025-11-07,4000,38865.99,USD,review_fixture
synthetic,JE-00792,2025-12-08,5000,16102.63,USD,review_fixture
synthetic,JE-00793,2025-01-09,4000,50163.84,USD,review_fixture
synthetic,JE-00794,2025-02-10,5000,30193.29,USD,review_fixture
synthetic,JE-00795,2025-03-11,4000,74264.54,USD,review_fixture
synthetic,JE-00796,2025-04-12,5000,3368.83,USD,review_fixture
synthetic,JE-00797,2025-05-13,4000,42.13,USD,review_fixture
synthetic,JE-00798,2025-06-14,5000,6586.42,USD,review_fixture
synthetic,JE-00799,2025-07-15,4000,15653.41,USD,review_fixture
synthetic,JE-00800,2025-08-16,5000,17.98,USD,review_fixture
synthetic,JE-00801,2025-09-17,4000,10000.0,USD,review_fixture
synthetic,JE-00802,2025-10-18,5000,32.02,USD,review_fixture
synthetic,JE-00803,2025-11-19,4000,366.15,USD,review_fixture
synthetic,JE-00804,2025-12-20,5000,95240.86,USD,review_fixture
synthetic,JE-00805,2025-01-21,4000,331.53,USD,review_fixture
synthetic,JE-00806,2025-02-22,5000,1098.64,USD,review_fixture
synthetic,JE-00807,2025-03-23,4000,15075.86,USD,review_fixture
synthetic,JE-00808,2025-04-24,5000,128.42,USD,review_fixture
synthetic,JE-00809,2025-05-25,4000,37397.97,USD,review_fixture
synthetic,JE-00810,2025-06-26,5000,83725.68,USD,review_fixture
synthetic,JE-00811,2025-07-27,4000,118.34,USD,review_fixture
synthetic,JE-00812,2025-08-28,5000,43596.74,USD,review_fixture
synthetic,JE-00813,2025-09-01,4000,5520.51,USD,review_fixture
synthetic,JE-00814,2025-10-02,5000,678.39,USD,review_fixture
synthetic,JE-00815,2025-11-03,4000,17682.72,USD,review_fixture
synthetic,JE-00816,2025-12-04,5000,6843.02,USD,review_fixture
synthetic,JE-00817,2025-01-05,4000,21719.24,USD,review_fixture
synthetic,JE-00818,2025-02-06,5000,2641.11,USD,review_fixture
synthetic,JE-00819,2025-03-07,4000,37260.91,USD,review_fixture
synthetic,JE-00820,2025-04-08,5000,25014.65,USD,review_fixture
synthetic,JE-00821,2025-05-09,4000,8645.21,USD,review_fixture
synthetic,JE-00822,2025-06-10,5000,16.18,USD,review_fixture
synthetic,JE-00823,2025-07-11,4000,67039.86,USD,review_fixture
synthetic,JE-00824,2025-08-12,5000,27.13,USD,review_fixture
synthetic,JE-00825,2025-09-13,4000,17.66,USD,review_fixture
synthetic,JE-00826,2025-10-14,5000,10000.0,USD,review_fixture
synthetic,JE-00827,2025-11-15,4000,62.42,USD,review_fixture
synthetic,JE-00828,2025-12-16,5000,1769.13,USD,review_fixture
synthetic,JE-00829,2025-01-17,4000,4193.12,USD,review_fixture
synthetic,JE-00830,2025-02-18,5000,16098.82,USD,review_fixture
synthetic,JE-00831,2025-03-19,4000,75.86,USD,review_fixture
synthetic,JE-00832,2025-04-20,5000,32.75,USD,review_fixture
synthetic,JE-00833,2025-05-21,4000,20615.03,USD,review_fixture
synthetic,JE-00834,2025-06-22,5000,3711.17,USD,review_fixture
synthetic,JE-00835,2025-07-23,4000,3725.64,USD,review_fixture
synthetic,JE-00836,2025-08-24,5000,2322.56,USD,review_fixture
synthetic,JE-00837,2025-09-25,4000,133.34,USD,review_fixture
synthetic,JE-00838,2025-10-26,5000,640.72,USD,review_fixture
synthetic,JE-00839,2025-11-27,4000,2232.55,USD,review_fixture
synthetic,JE-00840,2025-12-28,5000,539.9,USD,review_fixture
synthetic,JE-00841,2025-01-01,4000,14759.55,USD,review_fixture
synthetic,JE-00842,2025-02-02,5000,18.48,USD,review_fixture
synthetic,JE-00843,2025-03-03,4000,15.5,USD,review_fixture
synthetic,JE-00844,2025-04-04,5000,11.13,USD,review_fixture
synthetic,JE-00845,2025-05-05,4000,234.21,USD,review_fixture
synthetic,JE-00846,2025-06-06,5000,12.53,USD,review_fixture
synthetic,JE-00847,2025-07-07,4000,12.07,USD,review_fixture
synthetic,JE-00848,2025-08-08,5000,8413.41,USD,review_fixture
synthetic,JE-00849,2025-09-09,4000,124.22,USD,review_fixture
synthetic,JE-00850,2025-10-10,5000,5496.74,USD,review_fixture
synthetic,JE-00851,2025-11-11,4000,10000.0,USD,review_fixture
synthetic,JE-00852,2025-12-12,5000,79768.7,USD,review_fixture
synthetic,JE-00853,2025-01-13,4000,94.04,USD,review_fixture
synthetic,JE-00854,2025-02-14,5000,9956.52,USD,review_fixture
synthetic,JE-00855,2025-03-15,4000,8611.97,USD,review_fixture
synthetic,JE-00856,2025-04-16,5000,1117.97,USD,review_fixture
synthetic,JE-00857,2025-05-17,4000,4946.1,USD,review_fixture
synthetic,JE-00858,2025-06-18,5000,13.1,USD,review_fixture
synthetic,JE-00859,2025-07-19,4000,442.21,USD,review_fixture
synthetic,JE-00860,2025-08-20,5000,10.22,USD,review_fixture
synthetic,JE-00861,2025-09-21,4000,1703.37,USD,review_fixture
synthetic,JE-00862,2025-10-22,5000,97.34,USD,review_fixture
synthetic,JE-00863,2025-11-23,4000,4172.84,USD,review_fixture
synthetic,JE-00864,2025-12-24,5000,483.71,USD,review_fixture
synthetic,JE-00865,2025-01-25,4000,45520.16,USD,review_fixture
synthetic,JE-00866,2025-02-26,5000,20.35,USD,review_fixture
synthetic,JE-00867,2025-03-27,4000,326.64,USD,review_fixture
synthetic,JE-00868,2025-04-28,5000,125.03,USD,review_fixture
synthetic,JE-00869,2025-05-01,4000,652.23,USD,review_fixture
synthetic,JE-00870,2025-06-02,5000,54528.39,USD,review_fixture
synthetic,JE-00871,2025-07-03,4000,70548.49,USD,review_fixture
synthetic,JE-00872,2025-08-04,5000,50252.63,USD,review_fixture
synthetic,JE-00873,2025-09-05,4000,163.86,USD,review_fixture
synthetic,JE-00874,2025-10-06,5000,494.74,USD,review_fixture
synthetic,JE-00875,2025-11-07,4000,62.49,USD,review_fixture
synthetic,JE-00876,2025-12-08,5000,10000.0,USD,review_fixture
synthetic,JE-00877,2025-01-09,4000,17845.92,USD,review_fixture
synthetic,JE-00878,2025-02-10,5000,33.63,USD,review_fixture
synthetic,JE-00879,2025-03-11,4000,20.45,USD,review_fixture
synthetic,JE-00880,2025-04-12,5000,4962.03,USD,review_fixture
synthetic,JE-00881,2025-05-13,4000,2068.38,USD,review_fixture
synthetic,JE-00882,2025-06-14,5000,164.41,USD,review_fixture
synthetic,JE-00883,2025-07-15,4000,583.32,USD,review_fixture
synthetic,JE-00884,2025-08-16,5000,20239.7,USD,review_fixture
synthetic,JE-00885,2025-09-17,4000,54.41,USD,review_fixture
synthetic,JE-00886,2025-10-18,5000,6700.3,USD,review_fixture
synthetic,JE-00887,2025-11-19,4000,2207.26,USD,review_fixture
synthetic,JE-00888,2025-12-20,5000,9341.48,USD,review_fixture
synthetic,JE-00889,2025-01-21,4000,233.86,USD,review_fixture
synthetic,JE-00890,2025-02-22,5000,31.19,USD,review_fixture
synthetic,JE-00891,2025-03-23,4000,13.19,USD,review_fixture
synthetic,JE-00892,2025-04-24,5000,41157.21,USD,review_fixture
synthetic,JE-00893,2025-05-25,4000,282.36,USD,review_fixture
synthetic,JE-00894,2025-06-26,5000,21.59,USD,review_fixture
synthetic,JE-00895,2025-07-27,4000,25856.02,USD,review_fixture
synthetic,JE-00896,2025-08-28,5000,6650.16,USD,review_fixture
synthetic,JE-00897,2025-09-01,4000,106.28,USD,review_fixture
synthetic,JE-00898,2025-10-02,5000,302.22,USD,review_fixture
synthetic,JE-00899,2025-11-03,4000,385.22,USD,review_fixture
synthetic,JE-00900,2025-12-04,5000,859.37,USD,review_fixture
synthetic,JE-00901,2025-01-05,4000,10000.0,USD,review_fixture
synthetic,JE-00902,2025-02-06,5000,10.47,USD,review_fixture
synthetic,JE-00903,2025-03-07,4000,4733.03,USD,review_fixture
synthetic,JE-00904,2025-04-08,5000,7637.97,USD,review_fixture
synthetic,JE-00905,2025-05-09,4000,344.56,USD,review_fixture
synthetic,JE-00906,2025-06-10,5000,926.9,USD,review_fixture
synthetic,JE-00907,2025-07-11,4000,5960.52,USD,review_fixture
synthetic,JE-00908,2025-08-12,5000,237.28,USD,review_fixture
synthetic,JE-00909,2025-09-13,4000,52682.73,USD,review_fixture
synthetic,JE-00910,2025-10-14,5000,6757.79,USD,review_fixture
synthetic,JE-00911,2025-11-15,4000,105.58,USD,review_fixture
synthetic,JE-00912,2025-12-16,5000,5254.31,USD,review_fixture
synthetic,JE-00913,2025-01-17,4000,18.68,USD,review_fixture
synthetic,JE-00914,2025-02-18,5000,4086.9,USD,review_fixture
synthetic,JE-00915,2025-03-19,4000,8192.21,USD,review_fixture
synthetic,JE-00916,2025-04-20,5000,68466.3,USD,review_fixture
synthetic,JE-00917,2025-05-21,4000,472.77,USD,review_fixture
synthetic,JE-00918,2025-06-22,5000,163.54,USD,review_fixture
synthetic,JE-00919,2025-07-23,4000,44456.05,USD,review_fixture
synthetic,JE-00920,2025-08-24,5000,357.51,USD,review_fixture
synthetic,JE-00921,2025-09-25,4000,29783.98,USD,review_fixture
synthetic,JE-00922,2025-10-26,5000,17.6,USD,review_fixture
synthetic,JE-00923,2025-11-27,4000,6999.12,USD,review_fixture
synthetic,JE-00924,2025-12-28,5000,4020.83,USD,review_fixture
synthetic,JE-00925,2025-01-01,4000,5102.04,USD,review_fixture
synthetic,JE-00926,2025-02-02,5000,10000.0,USD,review_fixture
synthetic,JE-00927,2025-03-03,4000,47.54,USD,review_fixture
synthetic,JE-00928,2025-04-04,5000,34312.38,USD,review_fixture
synthetic,JE-00929,2025-05-05,4000,14.38,USD,review_fixture
synthetic,JE-00930,2025-06-06,5000,1759.83,USD,review_fixture
synthetic,JE-00931,2025-07-07,4000,702.73,USD,review_fixture
synthetic,JE-00932,2025-08-08,5000,1345.76,USD,review_fixture
synthetic,JE-00933,2025-09-09,4000,364.44,USD,review_fixture
synthetic,JE-00934,2025-10-10,5000,17.74,USD,review_fixture
synthetic,JE-00935,2025-11-11,4000,12787.75,USD,review_fixture
synthetic,JE-00936,2025-12-12,5000,15869.76,USD,review_fixture
synthetic,JE-00937,2025-01-13,4000,115.67,USD,review_fixture
synthetic,JE-00938,2025-02-14,5000,78.68,USD,review_fixture
synthetic,JE-00939,2025-03-15,4000,15046.17,USD,review_fixture
synthetic,JE-00940,2025-04-16,5000,7092.61,USD,review_fixture
synthetic,JE-00941,2025-05-17,4000,69846.08,USD,review_fixture
synthetic,JE-00942,2025-06-18,5000,1561.33,USD,review_fixture
synthetic,JE-00943,2025-07-19,4000,45170.87,USD,review_fixture
synthetic,JE-00944,2025-08-20,5000,712.53,USD,review_fixture
synthetic,JE-00945,2025-09-21,4000,2936.19,USD,review_fixture
synthetic,JE-00946,2025-10-22,5000,29.85,USD,review_fixture
synthetic,JE-00947,2025-11-23,4000,1862.93,USD,review_fixture
synthetic,JE-00948,2025-12-24,5000,518.86,USD,review_fixture
synthetic,JE-00949,2025-01-25,4000,1427.16,USD,review_fixture
synthetic,JE-00950,2025-02-26,5000,23309.27,USD,review_fixture
synthetic,JE-00951,2025-03-27,4000,10000.0,USD,review_fixture
synthetic,JE-00952,2025-04-28,5000,11083.49,USD,review_fixture
synthetic,JE-00953,2025-05-01,4000,396.55,USD,review_fixture
synthetic,JE-00954,2025-06-02,5000,88.86,USD,review_fixture
synthetic,JE-00955,2025-07-03,4000,26.52,USD,review_fixture
synthetic,JE-00956,2025-08-04,5000,427.0,USD,review_fixture
synthetic,JE-00957,2025-09-05,4000,2158.71,USD,review_fixture
synthetic,JE-00958,2025-10-06,5000,184.9,USD,review_fixture
synthetic,JE-00959,2025-11-07,4000,922.47,USD,review_fixture
synthetic,JE-00960,2025-12-08,5000,10.31,USD,review_fixture
synthetic,JE-00961,2025-01-09,4000,57612.91,USD,review_fixture
synthetic,JE-00962,2025-02-10,5000,1150.0,USD,review_fixture
synthetic,JE-00963,2025-03-11,4000,33026.07,USD,review_fixture
synthetic,JE-00964,2025-04-12,5000,63546.12,USD,review_fixture
synthetic,JE-00965,2025-05-13,4000,5954.62,USD,review_fixture
synthetic,JE-00966,2025-06-14,5000,18.32,USD,review_fixture
synthetic,JE-00967,2025-07-15,4000,19.41,USD,review_fixture
synthetic,JE-00968,2025-08-16,5000,32930.4,USD,review_fixture
synthetic,JE-00969,2025-09-17,4000,8465.44,USD,review_fixture
synthetic,JE-00970,2025-10-18,5000,1957.15,USD,review_fixture
synthetic,JE-00971,2025-11-19,4000,26727.37,USD,review_fixture
synthetic,JE-00972,2025-12-20,5000,2774.55,USD,review_fixture
synthetic,JE-00973,2025-01-21,4000,4686.74,USD,review_fixture
synthetic,JE-00974,2025-02-22,5000,6343.99,USD,review_fixture
synthetic,JE-00975,2025-03-23,4000,9738.98,USD,review_fixture
synthetic,JE-00976,2025-04-24,5000,10000.0,USD,review_fixture
synthetic,JE-00977,2025-05-25,4000,30.95,USD,review_fixture
synthetic,JE-00978,2025-06-26,5000,1362.35,USD,review_fixture
synthetic,JE-00979,2025-07-27,4000,9094.02,USD,review_fixture
synthetic,JE-00980,2025-08-28,5000,27.3,USD,review_fixture
synthetic,JE-00981,2025-09-01,4000,12.16,USD,review_fixture
synthetic,JE-00982,2025-10-02,5000,8285.74,USD,review_fixture
synthetic,JE-00983,2025-11-03,4000,10.81,USD,review_fixture
synthetic,JE-00984,2025-12-04,5000,57.63,USD,review_fixture
synthetic,JE-00985,2025-01-05,4000,79756.18,USD,review_fixture
synthetic,JE-00986,2025-02-06,5000,1393.61,USD,review_fixture
synthetic,JE-00987,2025-03-07,4000,9257.53,USD,review_fixture
synthetic,JE-00988,2025-04-08,5000,146.12,USD,review_fixture
synthetic,JE-00989,2025-05-09,4000,3323.64,USD,review_fixture
synthetic,JE-00990,2025-06-10,5000,420.35,USD,review_fixture
synthetic,JE-00991,2025-07-11,4000,48465.09,USD,review_fixture
synthetic,JE-00992,2025-08-12,5000,18087.61,USD,review_fixture
synthetic,JE-00993,2025-09-13,4000,14.43,USD,review_fixture
synthetic,JE-00994,2025-10-14,5000,260.12,USD,review_fixture
synthetic,JE-00995,2025-11-15,4000,305.37,USD,review_fixture
synthetic,JE-00996,2025-12-16,5000,159.57,USD,review_fixture
synthetic,JE-00997,2025-01-17,4000,2628.56,USD,review_fixture
synthetic,JE-00998,2025-02-18,5000,40.26,USD,review_fixture
synthetic,JE-00999,2025-03-19,4000,53.75,USD,review_fixture
synthetic,JE-01000,2025-04-20,5000,60.63,USD,review_fixture
synthetic,JE-01001,2025-05-21,4000,10000.0,USD,review_fixture
synthetic,JE-01002,2025-06-22,5000,1973.11,USD,review_fixture
synthetic,JE-01003,2025-07-23,4000,18479.24,USD,review_fixture
synthetic,JE-01004,2025-08-24,5000,45.86,USD,review_fixture
synthetic,JE-01005,2025-09-25,4000,64.9,USD,review_fixture
synthetic,JE-01006,2025-10-26,5000,40.26,USD,review_fixture
synthetic,JE-01007,2025-11-27,4000,56416.21,USD,review_fixture
synthetic,JE-01008,2025-12-28,5000,278.62,USD,review_fixture
synthetic,JE-01009,2025-01-01,4000,587.43,USD,review_fixture
synthetic,JE-01010,2025-02-02,5000,708.63,USD,review_fixture
synthetic,JE-01011,2025-03-03,4000,23.44,USD,review_fixture
synthetic,JE-01012,2025-04-04,5000,10669.68,USD,review_fixture
synthetic,JE-01013,2025-05-05,4000,16423.75,USD,review_fixture
synthetic,JE-01014,2025-06-06,5000,77.5,USD,review_fixture
synthetic,JE-01015,2025-07-07,4000,99.48,USD,review_fixture
synthetic,JE-01016,2025-08-08,5000,28.36,USD,review_fixture
synthetic,JE-01017,2025-09-09,4000,6615.59,USD,review_fixture
synthetic,JE-01018,2025-10-10,5000,146.35,USD,review_fixture
synthetic,JE-01019,2025-11-11,4000,56733.44,USD,review_fixture
synthetic,JE-01020,2025-12-12,5000,7738.61,USD,review_fixture
synthetic,JE-01021,2025-01-13,4000,154.27,USD,review_fixture
synthetic,JE-01022,2025-02-14,5000,12438.19,USD,review_fixture
synthetic,JE-01023,2025-03-15,4000,19110.02,USD,review_fixture
synthetic,JE-01024,2025-04-16,5000,974.92,USD,review_fixture
synthetic,JE-01025,2025-05-17,4000,131.4,USD,review_fixture
synthetic,JE-01026,2025-06-18,5000,10000.0,USD,review_fixture
synthetic,JE-01027,2025-07-19,4000,567.23,USD,review_fixture
synthetic,JE-01028,2025-08-20,5000,12766.71,USD,review_fixture
synthetic,JE-01029,2025-09-21,4000,627.27,USD,review_fixture
synthetic,JE-01030,2025-10-22,5000,42.62,USD,review_fixture
synthetic,JE-01031,2025-11-23,4000,842.81,USD,review_fixture
synthetic,JE-01032,2025-12-24,5000,1261.96,USD,review_fixture
synthetic,JE-01033,2025-01-25,4000,66979.74,USD,review_fixture
synthetic,JE-01034,2025-02-26,5000,11.2,USD,review_fixture
synthetic,JE-01035,2025-03-27,4000,83837.1,USD,review_fixture
synthetic,JE-01036,2025-04-28,5000,556.49,USD,review_fixture
synthetic,JE-01037,2025-05-01,4000,250.9,USD,review_fixture
synthetic,JE-01038,2025-06-02,5000,13.71,USD,review_fixture
synthetic,JE-01039,2025-07-03,4000,40515.55,USD,review_fixture
synthetic,JE-01040,2025-08-04,5000,164.46,USD,review_fixture
synthetic,JE-01041,2025-09-05,4000,30.09,USD,review_fixture
synthetic,JE-01042,2025-10-06,5000,3037.52,USD,review_fixture
synthetic,JE-01043,2025-11-07,4000,53.73,USD,review_fixture
synthetic,JE-01044,2025-12-08,5000,4299.17,USD,review_fixture
synthetic,JE-01045,2025-01-09,4000,9581.24,USD,review_fixture
synthetic,JE-01046,2025-02-10,5000,2322.08,USD,review_fixture
synthetic,JE-01047,2025-03-11,4000,26612.73,USD,review_fixture
synthetic,JE-01048,2025-04-12,5000,26.59,USD,review_fixture
synthetic,JE-01049,2025-05-13,4000,2154.42,USD,review_fixture
synthetic,JE-01050,2025-06-14,5000,944.19,USD,review_fixture
synthetic,JE-01051,2025-07-15,4000,10000.0,USD,review_fixture
synthetic,JE-01052,2025-08-16,5000,812.67,USD,review_fixture
synthetic,JE-01053,2025-09-17,4000,399.89,USD,review_fixture
synthetic,JE-01054,2025-10-18,5000,471.72,USD,review_fixture
synthetic,JE-01055,2025-11-19,4000,2175.17,USD,review_fixture
synthetic,JE-01056,2025-12-20,5000,5824.23,USD,review_fixture
synthetic,JE-01057,2025-01-21,4000,345.9,USD,review_fixture
synthetic,JE-01058,2025-02-22,5000,158.75,USD,review_fixture
synthetic,JE-01059,2025-03-23,4000,256.58,USD,review_fixture
synthetic,JE-01060,2025-04-24,5000,45.66,USD,review_fixture
synthetic,JE-01061,2025-05-25,4000,26834.02,USD,review_fixture
synthetic,JE-01062,2025-06-26,5000,3687.15,USD,review_fixture
synthetic,JE-01063,2025-07-27,4000,23650.51,USD,review_fixture
synthetic,JE-01064,2025-08-28,5000,109.78,USD,review_fixture
synthetic,JE-01065,2025-09-01,4000,66978.92,USD,review_fixture
synthetic,JE-01066,2025-10-02,5000,169.68,USD,review_fixture
synthetic,JE-01067,2025-11-03,4000,2734.95,USD,review_fixture
synthetic,JE-01068,2025-12-04,5000,339.7,USD,review_fixture
synthetic,JE-01069,2025-01-05,4000,23928.4,USD,review_fixture
synthetic,JE-01070,2025-02-06,5000,132.84,USD,review_fixture
synthetic,JE-01071,2025-03-07,4000,17.89,USD,review_fixture
synthetic,JE-01072,2025-04-08,5000,66.68,USD,review_fixture
synthetic,JE-01073,2025-05-09,4000,2228.84,USD,review_fixture
synthetic,JE-01074,2025-06-10,5000,33.79,USD,review_fixture
synthetic,JE-01075,2025-07-11,4000,4334.01,USD,review_fixture
synthetic,JE-01076,2025-08-12,5000,10000.0,USD,review_fixture
synthetic,JE-01077,2025-09-13,4000,10244.25,USD,review_fixture
synthetic,JE-01078,2025-10-14,5000,43.73,USD,review_fixture
synthetic,JE-01079,2025-11-15,4000,256.29,USD,review_fixture
synthetic,JE-01080,2025-12-16,5000,7223.63,USD,review_fixture
synthetic,JE-01081,2025-01-17,4000,151.43,USD,review_fixture
synthetic,JE-01082,2025-02-18,5000,1410.32,USD,review_fixture
synthetic,JE-01083,2025-03-19,4000,25.29,USD,review_fixture
synthetic,JE-01084,2025-04-20,5000,130.7,USD,review_fixture
synthetic,JE-01085,2025-05-21,4000,105.72,USD,review_fixture
synthetic,JE-01086,2025-06-22,5000,35979.68,USD,review_fixture
synthetic,JE-01087,2025-07-23,4000,21.16,USD,review_fixture
synthetic,JE-01088,2025-08-24,5000,58.16,USD,review_fixture
synthetic,JE-01089,2025-09-25,4000,68986.08,USD,review_fixture
synthetic,JE-01090,2025-10-26,5000,115.21,USD,review_fixture
synthetic,JE-01091,2025-11-27,4000,1023.6,USD,review_fixture
synthetic,JE-01092,2025-12-28,5000,79353.44,USD,review_fixture
synthetic,JE-01093,2025-01-01,4000,43.38,USD,review_fixture
synthetic,JE-01094,2025-02-02,5000,543.27,USD,review_fixture
synthetic,JE-01095,2025-03-03,4000,3977.44,USD,review_fixture
synthetic,JE-01096,2025-04-04,5000,550.43,USD,review_fixture
synthetic,JE-01097,2025-05-05,4000,313.94,USD,review_fixture
synthetic,JE-01098,2025-06-06,5000,461.25,USD,review_fixture
synthetic,JE-01099,2025-07-07,4000,52.5,USD,review_fixture
synthetic,JE-01100,2025-08-08,5000,37569.9,USD,review_fixture
synthetic,JE-01101,2025-09-09,4000,10000.0,USD,review_fixture
synthetic,JE-01102,2025-10-10,5000,35351.36,USD,review_fixture
synthetic,JE-01103,2025-11-11,4000,38394.0,USD,review_fixture
synthetic,JE-01104,2025-12-12,5000,284.03,USD,review_fixture
synthetic,JE-01105,2025-01-13,4000,6434.94,USD,review_fixture
synthetic,JE-01106,2025-02-14,5000,3606.59,USD,review_fixture
synthetic,JE-01107,2025-03-15,4000,8005.1,USD,review_fixture
synthetic,JE-01108,2025-04-16,5000,11697.54,USD,review_fixture
synthetic,JE-01109,2025-05-17,4000,20.41,USD,review_fixture
synthetic,JE-01110,2025-06-18,5000,28.64,USD,review_fixture
synthetic,JE-01111,2025-07-19,4000,17215.82,USD,review_fixture
synthetic,JE-01112,2025-08-20,5000,896.06,USD,review_fixture
synthetic,JE-01113,2025-09-21,4000,10223.31,USD,review_fixture
synthetic,JE-01114,2025-10-22,5000,22120.63,USD,review_fixture
synthetic,JE-01115,2025-11-23,4000,624.7,USD,review_fixture
synthetic,JE-01116,2025-12-24,5000,320.55,USD,review_fixture
synthetic,JE-01117,2025-01-25,4000,12100.83,USD,review_fixture
synthetic,JE-01118,2025-02-26,5000,28.72,USD,review_fixture
synthetic,JE-01119,2025-03-27,4000,57013.55,USD,review_fixture
synthetic,JE-01120,2025-04-28,5000,15630.13,USD,review_fixture
synthetic,JE-01121,2025-05-01,4000,51604.22,USD,review_fixture
synthetic,JE-01122,2025-06-02,5000,912.34,USD,review_fixture
synthetic,JE-01123,2025-07-03,4000,4477.74,USD,review_fixture
synthetic,JE-01124,2025-08-04,5000,9619.41,USD,review_fixture
synthetic,JE-01125,2025-09-05,4000,55.77,USD,review_fixture
synthetic,JE-01126,2025-10-06,5000,10000.0,USD,review_fixture
synthetic,JE-01127,2025-11-07,4000,135.26,USD,review_fixture
synthetic,JE-01128,2025-12-08,5000,5337.65,USD,review_fixture
synthetic,JE-01129,2025-01-09,4000,92621.54,USD,review_fixture
synthetic,JE-01130,2025-02-10,5000,71466.59,USD,review_fixture
synthetic,JE-01131,2025-03-11,4000,1261.78,USD,review_fixture
synthetic,JE-01132,2025-04-12,5000,7009.85,USD,review_fixture
synthetic,JE-01133,2025-05-13,4000,49822.65,USD,review_fixture
synthetic,JE-01134,2025-06-14,5000,351.82,USD,review_fixture
synthetic,JE-01135,2025-07-15,4000,4631.02,USD,review_fixture
synthetic,JE-01136,2025-08-16,5000,13.02,USD,review_fixture
synthetic,JE-01137,2025-09-17,4000,18.09,USD,review_fixture
synthetic,JE-01138,2025-10-18,5000,10.83,USD,review_fixture
synthetic,JE-01139,2025-11-19,4000,93.51,USD,review_fixture
synthetic,JE-01140,2025-12-20,5000,2321.81,USD,review_fixture
synthetic,JE-01141,2025-01-21,4000,12.96,USD,review_fixture
synthetic,JE-01142,2025-02-22,5000,17.83,USD,review_fixture
synthetic,JE-01143,2025-03-23,4000,5447.23,USD,review_fixture
synthetic,JE-01144,2025-04-24,5000,21.38,USD,review_fixture
synthetic,JE-01145,2025-05-25,4000,3647.91,USD,review_fixture
synthetic,JE-01146,2025-06-26,5000,30876.23,USD,review_fixture
synthetic,JE-01147,2025-07-27,4000,31.64,USD,review_fixture
synthetic,JE-01148,2025-08-28,5000,109.37,USD,review_fixture
synthetic,JE-01149,2025-09-01,4000,44741.37,USD,review_fixture
synthetic,JE-01150,2025-10-02,5000,19.45,USD,review_fixture
synthetic,JE-01151,2025-11-03,4000,10000.0,USD,review_fixture
synthetic,JE-01152,2025-12-04,5000,5851.36,USD,review_fixture
synthetic,JE-01153,2025-01-05,4000,56.43,USD,review_fixture
synthetic,JE-01154,2025-02-06,5000,140.24,USD,review_fixture
synthetic,JE-01155,2025-03-07,4000,17.47,USD,review_fixture
synthetic,JE-01156,2025-04-08,5000,30.95,USD,review_fixture
synthetic,JE-01157,2025-05-09,4000,92.09,USD,review_fixture
synthetic,JE-01158,2025-06-10,5000,136.15,USD,review_fixture
synthetic,JE-01159,2025-07-11,4000,26939.25,USD,review_fixture
synthetic,JE-01160,2025-08-12,5000,467.16,USD,review_fixture
synthetic,JE-01161,2025-09-13,4000,75.7,USD,review_fixture
synthetic,JE-01162,2025-10-14,5000,3702.24,USD,review_fixture
synthetic,JE-01163,2025-11-15,4000,3927.17,USD,review_fixture
synthetic,JE-01164,2025-12-16,5000,3508.67,USD,review_fixture
synthetic,JE-01165,2025-01-17,4000,48.64,USD,review_fixture
synthetic,JE-01166,2025-02-18,5000,84.0,USD,review_fixture
synthetic,JE-01167,2025-03-19,4000,69.05,USD,review_fixture
synthetic,JE-01168,2025-04-20,5000,3940.2,USD,review_fixture
synthetic,JE-01169,2025-05-21,4000,3691.46,USD,review_fixture
synthetic,JE-01170,2025-06-22,5000,21.66,USD,review_fixture
synthetic,JE-01171,2025-07-23,4000,179.91,USD,review_fixture
synthetic,JE-01172,2025-08-24,5000,2904.54,USD,review_fixture
synthetic,JE-01173,2025-09-25,4000,3352.76,USD,review_fixture
synthetic,JE-01174,2025-10-26,5000,5453.65,USD,review_fixture
synthetic,JE-01175,2025-11-27,4000,94.41,USD,review_fixture
synthetic,JE-01176,2025-12-28,5000,10000.0,USD,review_fixture
synthetic,JE-01177,2025-01-01,4000,69.3,USD,review_fixture
synthetic,JE-01178,2025-02-02,5000,14159.23,USD,review_fixture
synthetic,JE-01179,2025-03-03,4000,1154.5,USD,review_fixture
synthetic,JE-01180,2025-04-04,5000,190.38,USD,review_fixture
synthetic,JE-01181,2025-05-05,4000,79.23,USD,review_fixture
synthetic,JE-01182,2025-06-06,5000,15.21,USD,review_fixture
synthetic,JE-01183,2025-07-07,4000,2552.25,USD,review_fixture
synthetic,JE-01184,2025-08-08,5000,2219.82,USD,review_fixture
synthetic,JE-01185,2025-09-09,4000,3228.18,USD,review_fixture
synthetic,JE-01186,2025-10-10,5000,65.09,USD,review_fixture
synthetic,JE-01187,2025-11-11,4000,52201.41,USD,review_fixture
synthetic,JE-01188,2025-12-12,5000,3830.71,USD,review_fixture
synthetic,JE-01189,2025-01-13,4000,42.38,USD,review_fixture
synthetic,JE-01190,2025-02-14,5000,3191.84,USD,review_fixture
synthetic,JE-01191,2025-03-15,4000,3100.11,USD,review_fixture
synthetic,JE-01192,2025-04-16,5000,53.13,USD,review_fixture
synthetic,JE-01193,2025-05-17,4000,623.08,USD,review_fixture
synthetic,JE-01194,2025-06-18,5000,3216.69,USD,review_fixture
synthetic,JE-01195,2025-07-19,4000,19658.82,USD,review_fixture
synthetic,JE-01196,2025-08-20,5000,27.99,USD,review_fixture
synthetic,JE-01197,2025-09-21,4000,11.25,USD,review_fixture
synthetic,JE-01198,2025-10-22,5000,340.91,USD,review_fixture
synthetic,JE-01199,2025-11-23,4000,14.64,USD,review_fixture
synthetic,JE-01200,2025-12-24,5000,73363.93,USD,review_fixture
synthetic,JE-01201,2025-01-25,4000,10000.0,USD,review_fixture
synthetic,JE-01202,2025-02-26,5000,32431.98,USD,review_fixture
synthetic,JE-01203,2025-03-27,4000,6790.39,USD,review_fixture
synthetic,JE-01204,2025-04-28,5000,698.69,USD,review_fixture
synthetic,JE-01205,2025-05-01,4000,3459.55,USD,review_fixture
synthetic,JE-01206,2025-06-02,5000,438.45,USD,review_fixture
synthetic,JE-01207,2025-07-03,4000,60489.5,USD,review_fixture
synthetic,JE-01208,2025-08-04,5000,54414.28,USD,review_fixture
synthetic,JE-01209,2025-09-05,4000,50.44,USD,review_fixture
synthetic,JE-01210,2025-10-06,5000,4261.91,USD,review_fixture
synthetic,JE-01211,2025-11-07,4000,146.33,USD,review_fixture
synthetic,JE-01212,2025-12-08,5000,68.7,USD,review_fixture
synthetic,JE-01213,2025-01-09,4000,7267.51,USD,review_fixture
synthetic,JE-01214,2025-02-10,5000,60130.48,USD,review_fixture
synthetic,JE-01215,2025-03-11,4000,11.06,USD,review_fixture
synthetic,JE-01216,2025-04-12,5000,31195.28,USD,review_fixture
synthetic,JE-01217,2025-05-13,4000,83640.93,USD,review_fixture
synthetic,JE-01218,2025-06-14,5000,38245.66,USD,review_fixture
synthetic,JE-01219,2025-07-15,4000,19563.61,USD,review_fixture
synthetic,JE-01220,2025-08-16,5000,16272.3,USD,review_fixture
synthetic,JE-01221,2025-09-17,4000,40106.98,USD,review_fixture
synthetic,JE-01222,2025-10-18,5000,85.47,USD,review_fixture
synthetic,JE-01223,2025-11-19,4000,87919.97,USD,review_fixture
synthetic,JE-01224,2025-12-20,5000,25.48,USD,review_fixture
synthetic,JE-01225,2025-01-21,4000,49.42,USD,review_fixture
synthetic,JE-01226,2025-02-22,5000,10000.0,USD,review_fixture
synthetic,JE-01227,2025-03-23,4000,24.92,USD,review_fixture
synthetic,JE-01228,2025-04-24,5000,22.98,USD,review_fixture
synthetic,JE-01229,2025-05-25,4000,59796.48,USD,review_fixture
synthetic,JE-01230,2025-06-26,5000,438.55,USD,review_fixture
synthetic,JE-01231,2025-07-27,4000,66.03,USD,review_fixture
synthetic,JE-01232,2025-08-28,5000,92256.25,USD,review_fixture
synthetic,JE-01233,2025-09-01,4000,3945.37,USD,review_fixture
synthetic,JE-01234,2025-10-02,5000,75912.57,USD,review_fixture
synthetic,JE-01235,2025-11-03,4000,112.41,USD,review_fixture
synthetic,JE-01236,2025-12-04,5000,61278.14,USD,review_fixture
synthetic,JE-01237,2025-01-05,4000,27.51,USD,review_fixture
synthetic,JE-01238,2025-02-06,5000,411.21,USD,review_fixture
synthetic,JE-01239,2025-03-07,4000,195.49,USD,review_fixture
synthetic,JE-01240,2025-04-08,5000,12.05,USD,review_fixture
synthetic,JE-01241,2025-05-09,4000,28.57,USD,review_fixture
synthetic,JE-01242,2025-06-10,5000,21582.47,USD,review_fixture
synthetic,JE-01243,2025-07-11,4000,4811.95,USD,review_fixture
synthetic,JE-01244,2025-08-12,5000,3619.81,USD,review_fixture
synthetic,JE-01245,2025-09-13,4000,172.35,USD,review_fixture
synthetic,JE-01246,2025-10-14,5000,116.75,USD,review_fixture
synthetic,JE-01247,2025-11-15,4000,59.42,USD,review_fixture
synthetic,JE-01248,2025-12-16,5000,317.98,USD,review_fixture
synthetic,JE-01249,2025-01-17,4000,4318.13,USD,review_fixture
synthetic,JE-01250,2025-02-18,5000,10.59,USD,review_fixture
synthetic,JE-01251,2025-03-19,4000,10000.0,USD,review_fixture
synthetic,JE-01252,2025-04-20,5000,3889.83,USD,review_fixture
synthetic,JE-01253,2025-05-21,4000,25.63,USD,review_fixture
synthetic,JE-01254,2025-06-22,5000,48.5,USD,review_fixture
synthetic,JE-01255,2025-07-23,4000,6348.82,USD,review_fixture
synthetic,JE-01256,2025-08-24,5000,294.86,USD,review_fixture
synthetic,JE-01257,2025-09-25,4000,26531.59,USD,review_fixture
synthetic,JE-01258,2025-10-26,5000,33263.39,USD,review_fixture
synthetic,JE-01259,2025-11-27,4000,974.72,USD,review_fixture
synthetic,JE-01260,2025-12-28,5000,29.44,USD,review_fixture
synthetic,JE-01261,2025-01-01,4000,14096.04,USD,review_fixture
synthetic,JE-01262,2025-02-02,5000,20.25,USD,review_fixture
synthetic,JE-01263,2025-03-03,4000,408.92,USD,review_fixture
synthetic,JE-01264,2025-04-04,5000,321.63,USD,review_fixture
synthetic,JE-01265,2025-05-05,4000,948.1,USD,review_fixture
synthetic,JE-01266,2025-06-06,5000,251.58,USD,review_fixture
synthetic,JE-01267,2025-07-07,4000,41.63,USD,review_fixture
synthetic,JE-01268,2025-08-08,5000,24958.18,USD,review_fixture
synthetic,JE-01269,2025-09-09,4000,655.26,USD,review_fixture
synthetic,JE-01270,2025-10-10,5000,8997.78,USD,review_fixture
synthetic,JE-01271,2025-11-11,4000,51.2,USD,review_fixture
synthetic,JE-01272,2025-12-12,5000,26799.66,USD,review_fixture
synthetic,JE-01273,2025-01-13,4000,87.8,USD,review_fixture
synthetic,JE-01274,2025-02-14,5000,27394.1,USD,review_fixture
synthetic,JE-01275,2025-03-15,4000,24.0,USD,review_fixture
synthetic,JE-01276,2025-04-16,5000,10000.0,USD,review_fixture
synthetic,JE-01277,2025-05-17,4000,61.09,USD,review_fixture
synthetic,JE-01278,2025-06-18,5000,49.52,USD,review_fixture
synthetic,JE-01279,2025-07-19,4000,32991.36,USD,review_fixture
synthetic,JE-01280,2025-08-20,5000,27.55,USD,review_fixture
synthetic,JE-01281,2025-09-21,4000,4561.27,USD,review_fixture
synthetic,JE-01282,2025-10-22,5000,18433.46,USD,review_fixture
synthetic,JE-01283,2025-11-23,4000,39.78,USD,review_fixture
synthetic,JE-01284,2025-12-24,5000,2513.69,USD,review_fixture
synthetic,JE-01285,2025-01-25,4000,814.71,USD,review_fixture
synthetic,JE-01286,2025-02-26,5000,1035.74,USD,review_fixture
synthetic,JE-01287,2025-03-27,4000,53395.79,USD,review_fixture
synthetic,JE-01288,2025-04-28,5000,87808.28,USD,review_fixture
synthetic,JE-01289,2025-05-01,4000,416.44,USD,review_fixture
synthetic,JE-01290,2025-06-02,5000,33.13,USD,review_fixture
synthetic,JE-01291,2025-07-03,4000,57502.71,USD,review_fixture
synthetic,JE-01292,2025-08-04,5000,66.61,USD,review_fixture
synthetic,JE-01293,2025-09-05,4000,79.3,USD,review_fixture
synthetic,JE-01294,2025-10-06,5000,19.01,USD,review_fixture
synthetic,JE-01295,2025-11-07,4000,1672.57,USD,review_fixture
synthetic,JE-01296,2025-12-08,5000,8095.87,USD,review_fixture
synthetic,JE-01297,2025-01-09,4000,27396.89,USD,review_fixture
synthetic,JE-01298,2025-02-10,5000,1026.51,USD,review_fixture
synthetic,JE-01299,2025-03-11,4000,1045.68,USD,review_fixture
synthetic,JE-01300,2025-04-12,5000,11.14,USD,review_fixture
synthetic,JE-01301,2025-05-13,4000,10000.0,USD,review_fixture
synthetic,JE-01302,2025-06-14,5000,318.2,USD,review_fixture
synthetic,JE-01303,2025-07-15,4000,558.88,USD,review_fixture
synthetic,JE-01304,2025-08-16,5000,10.65,USD,review_fixture
synthetic,JE-01305,2025-09-17,4000,20595.37,USD,review_fixture
synthetic,JE-01306,2025-10-18,5000,1145.59,USD,review_fixture
synthetic,JE-01307,2025-11-19,4000,83.31,USD,review_fixture
synthetic,JE-01308,2025-12-20,5000,59.4,USD,review_fixture
synthetic,JE-01309,2025-01-21,4000,35547.28,USD,review_fixture
synthetic,JE-01310,2025-02-22,5000,91.14,USD,review_fixture
synthetic,JE-01311,2025-03-23,4000,4492.88,USD,review_fixture
synthetic,JE-01312,2025-04-24,5000,1227.22,USD,review_fixture
synthetic,JE-01313,2025-05-25,4000,3004.27,USD,review_fixture
synthetic,JE-01314,2025-06-26,5000,62054.66,USD,review_fixture
synthetic,JE-01315,2025-07-27,4000,53.54,USD,review_fixture
synthetic,JE-01316,2025-08-28,5000,128.99,USD,review_fixture
synthetic,JE-01317,2025-09-01,4000,143.59,USD,review_fixture
synthetic,JE-01318,2025-10-02,5000,281.93,USD,review_fixture
synthetic,JE-01319,2025-11-03,4000,12219.23,USD,review_fixture
synthetic,JE-01320,2025-12-04,5000,137.97,USD,review_fixture
synthetic,JE-01321,2025-01-05,4000,19444.69,USD,review_fixture
synthetic,JE-01322,2025-02-06,5000,2350.93,USD,review_fixture
synthetic,JE-01323,2025-03-07,4000,97143.6,USD,review_fixture
synthetic,JE-01324,2025-04-08,5000,39.34,USD,review_fixture
synthetic,JE-01325,2025-05-09,4000,1065.06,USD,review_fixture
synthetic,JE-01326,2025-06-10,5000,10000.0,USD,review_fixture
synthetic,JE-01327,2025-07-11,4000,2119.1,USD,review_fixture
synthetic,JE-01328,2025-08-12,5000,23381.2,USD,review_fixture
synthetic,JE-01329,2025-09-13,4000,24.92,USD,review_fixture
synthetic,JE-01330,2025-10-14,5000,518.21,USD,review_fixture
synthetic,JE-01331,2025-11-15,4000,668.15,USD,review_fixture
synthetic,JE-01332,2025-12-16,5000,63972.3,USD,review_fixture
synthetic,JE-01333,2025-01-17,4000,537.98,USD,review_fixture
synthetic,JE-01334,2025-02-18,5000,132.01,USD,review_fixture
synthetic,JE-01335,2025-03-19,4000,2335.4,USD,review_fixture
synthetic,JE-01336,2025-04-20,5000,16433.36,USD,review_fixture
synthetic,JE-01337,2025-05-21,4000,578.57,USD,review_fixture
synthetic,JE-01338,2025-06-22,5000,20.24,USD,review_fixture
synthetic,JE-01339,2025-07-23,4000,17.13,USD,review_fixture
synthetic,JE-01340,2025-08-24,5000,12941.6,USD,review_fixture
synthetic,JE-01341,2025-09-25,4000,20763.39,USD,review_fixture
synthetic,JE-01342,2025-10-26,5000,470.99,USD,review_fixture
synthetic,JE-01343,2025-11-27,4000,63.0,USD,review_fixture
synthetic,JE-01344,2025-12-28,5000,75341.28,USD,review_fixture
synthetic,JE-01345,2025-01-01,4000,2558.48,USD,review_fixture
synthetic,JE-01346,2025-02-02,5000,221.91,USD,review_fixture
synthetic,JE-01347,2025-03-03,4000,1854.84,USD,review_fixture
synthetic,JE-01348,2025-04-04,5000,842.73,USD,review_fixture
synthetic,JE-01349,2025-05-05,4000,102.68,USD,review_fixture
synthetic,JE-01350,2025-06-06,5000,76.04,USD,review_fixture
synthetic,JE-01351,2025-07-07,4000,10000.0,USD,review_fixture
synthetic,JE-01352,2025-08-08,5000,125.01,USD,review_fixture
synthetic,JE-01353,2025-09-09,4000,71.38,USD,review_fixture
synthetic,JE-01354,2025-10-10,5000,19074.63,USD,review_fixture
synthetic,JE-01355,2025-11-11,4000,47.51,USD,review_fixture
synthetic,JE-01356,2025-12-12,5000,3080.84,USD,review_fixture
synthetic,JE-01357,2025-01-13,4000,77.45,USD,review_fixture
synthetic,JE-01358,2025-02-14,5000,92.35,USD,review_fixture
synthetic,JE-01359,2025-03-15,4000,1482.25,USD,review_fixture
synthetic,JE-01360,2025-04-16,5000,21930.1,USD,review_fixture
synthetic,JE-01361,2025-05-17,4000,134.33,USD,review_fixture
synthetic,JE-01362,2025-06-18,5000,6645.03,USD,review_fixture
synthetic,JE-01363,2025-07-19,4000,185.83,USD,review_fixture
synthetic,JE-01364,2025-08-20,5000,55.08,USD,review_fixture
synthetic,JE-01365,2025-09-21,4000,1009.9,USD,review_fixture
synthetic,JE-01366,2025-10-22,5000,860.89,USD,review_fixture
synthetic,JE-01367,2025-11-23,4000,55412.77,USD,review_fixture
synthetic,JE-01368,2025-12-24,5000,1086.2,USD,review_fixture
synthetic,JE-01369,2025-01-25,4000,22481.0,USD,review_fixture
synthetic,JE-01370,2025-02-26,5000,524.35,USD,review_fixture
synthetic,JE-01371,2025-03-27,4000,17.64,USD,review_fixture
synthetic,JE-01372,2025-04-28,5000,184.17,USD,review_fixture
synthetic,JE-01373,2025-05-01,4000,388.24,USD,review_fixture
synthetic,JE-01374,2025-06-02,5000,19.72,USD,review_fixture
synthetic,JE-01375,2025-07-03,4000,956.89,USD,review_fixture
synthetic,JE-01376,2025-08-04,5000,10000.0,USD,review_fixture
synthetic,JE-01377,2025-09-05,4000,40136.96,USD,review_fixture
synthetic,JE-01378,2025-10-06,5000,17987.79,USD,review_fixture
synthetic,JE-01379,2025-11-07,4000,7029.8,USD,review_fixture
synthetic,JE-01380,2025-12-08,5000,33649.86,USD,review_fixture
synthetic,JE-01381,2025-01-09,4000,789.05,USD,review_fixture
synthetic,JE-01382,2025-02-10,5000,426.44,USD,review_fixture
synthetic,JE-01383,2025-03-11,4000,132.02,USD,review_fixture
synthetic,JE-01384,2025-04-12,5000,34573.45,USD,review_fixture
synthetic,JE-01385,2025-05-13,4000,21.69,USD,review_fixture
synthetic,JE-01386,2025-06-14,5000,2003.26,USD,review_fixture
synthetic,JE-01387,2025-07-15,4000,13.97,USD,review_fixture
synthetic,JE-01388,2025-08-16,5000,163.97,USD,review_fixture
synthetic,JE-01389,2025-09-17,4000,72.1,USD,review_fixture
synthetic,JE-01390,2025-10-18,5000,18478.69,USD,review_fixture
synthetic,JE-01391,2025-11-19,4000,42125.45,USD,review_fixture
synthetic,JE-01392,2025-12-20,5000,258.74,USD,review_fixture
synthetic,JE-01393,2025-01-21,4000,142.17,USD,review_fixture
synthetic,JE-01394,2025-02-22,5000,15.68,USD,review_fixture
synthetic,JE-01395,2025-03-23,4000,4422.29,USD,review_fixture
synthetic,JE-01396,2025-04-24,5000,62155.19,USD,review_fixture
synthetic,JE-01397,2025-05-25,4000,1993.57,USD,review_fixture
synthetic,JE-01398,2025-06-26,5000,225.42,USD,review_fixture
synthetic,JE-01399,2025-07-27,4000,24.0,USD,review_fixture
synthetic,JE-01400,2025-08-28,5000,17.75,USD,review_fixture
synthetic,JE-01401,2025-09-01,4000,10000.0,USD,review_fixture
synthetic,JE-01402,2025-10-02,5000,4112.48,USD,review_fixture
synthetic,JE-01403,2025-11-03,4000,11.75,USD,review_fixture
synthetic,JE-01404,2025-12-04,5000,12.29,USD,review_fixture
synthetic,JE-01405,2025-01-05,4000,22.27,USD,review_fixture
synthetic,JE-01406,2025-02-06,5000,18.47,USD,review_fixture
synthetic,JE-01407,2025-03-07,4000,4435.16,USD,review_fixture
synthetic,JE-01408,2025-04-08,5000,5599.64,USD,review_fixture
synthetic,JE-01409,2025-05-09,4000,88210.17,USD,review_fixture
synthetic,JE-01410,2025-06-10,5000,6795.71,USD,review_fixture
synthetic,JE-01411,2025-07-11,4000,53529.7,USD,review_fixture
synthetic,JE-01412,2025-08-12,5000,72.37,USD,review_fixture
synthetic,JE-01413,2025-09-13,4000,9284.86,USD,review_fixture
synthetic,JE-01414,2025-10-14,5000,11.1,USD,review_fixture
synthetic,JE-01415,2025-11-15,4000,166.53,USD,review_fixture
synthetic,JE-01416,2025-12-16,5000,300.38,USD,review_fixture
synthetic,JE-01417,2025-01-17,4000,1047.36,USD,review_fixture
synthetic,JE-01418,2025-02-18,5000,112.74,USD,review_fixture
synthetic,JE-01419,2025-03-19,4000,49.03,USD,review_fixture
synthetic,JE-01420,2025-04-20,5000,46.96,USD,review_fixture
synthetic,JE-01421,2025-05-21,4000,2434.11,USD,review_fixture
synthetic,JE-01422,2025-06-22,5000,9252.54,USD,review_fixture
synthetic,JE-01423,2025-07-23,4000,6329.8,USD,review_fixture
synthetic,JE-01424,2025-08-24,5000,38.5,USD,review_fixture
synthetic,JE-01425,2025-09-25,4000,12.78,USD,review_fixture
synthetic,JE-01426,2025-10-26,5000,10000.0,USD,review_fixture
synthetic,JE-01427,2025-11-27,4000,97870.18,USD,review_fixture
synthetic,JE-01428,2025-12-28,5000,803.26,USD,review_fixture
synthetic,JE-01429,2025-01-01,4000,15.16,USD,review_fixture
synthetic,JE-01430,2025-02-02,5000,300.98,USD,review_fixture
synthetic,JE-01431,2025-03-03,4000,5914.44,USD,review_fixture
synthetic,JE-01432,2025-04-04,5000,786.76,USD,review_fixture
synthetic,JE-01433,2025-05-05,4000,3026.51,USD,review_fixture
synthetic,JE-01434,2025-06-06,5000,10.92,USD,review_fixture
synthetic,JE-01435,2025-07-07,4000,1092.21,USD,review_fixture
synthetic,JE-01436,2025-08-08,5000,27934.11,USD,review_fixture
synthetic,JE-01437,2025-09-09,4000,89720.7,USD,review_fixture
synthetic,JE-01438,2025-10-10,5000,44.45,USD,review_fixture
synthetic,JE-01439,2025-11-11,4000,465.06,USD,review_fixture
synthetic,JE-01440,2025-12-12,5000,79.39,USD,review_fixture
synthetic,JE-01441,2025-01-13,4000,1174.51,USD,review_fixture
synthetic,JE-01442,2025-02-14,5000,19631.49,USD,review_fixture
synthetic,JE-01443,2025-03-15,4000,18448.46,USD,review_fixture
synthetic,JE-01444,2025-04-16,5000,14115.64,USD,review_fixture
synthetic,JE-01445,2025-05-17,4000,4167.24,USD,review_fixture
synthetic,JE-01446,2025-06-18,5000,23489.83,USD,review_fixture
synthetic,JE-01447,2025-07-19,4000,222.33,USD,review_fixture
synthetic,JE-01448,2025-08-20,5000,52184.88,USD,review_fixture
synthetic,JE-01449,2025-09-21,4000,51718.97,USD,review_fixture
synthetic,JE-01450,2025-10-22,5000,40.74,USD,review_fixture
synthetic,JE-01451,2025-11-23,4000,10000.0,USD,review_fixture
synthetic,JE-01452,2025-12-24,5000,58382.03,USD,review_fixture
synthetic,JE-01453,2025-01-25,4000,685.57,USD,review_fixture
synthetic,JE-01454,2025-02-26,5000,9500.08,USD,review_fixture
synthetic,JE-01455,2025-03-27,4000,19564.52,USD,review_fixture
synthetic,JE-01456,2025-04-28,5000,6015.2,USD,review_fixture
synthetic,JE-01457,2025-05-01,4000,729.8,USD,review_fixture
synthetic,JE-01458,2025-06-02,5000,430.46,USD,review_fixture
synthetic,JE-01459,2025-07-03,4000,55053.36,USD,review_fixture
synthetic,JE-01460,2025-08-04,5000,40145.72,USD,review_fixture
synthetic,JE-01461,2025-09-05,4000,719.58,USD,review_fixture
synthetic,JE-01462,2025-10-06,5000,1682.45,USD,review_fixture
synthetic,JE-01463,2025-11-07,4000,9352.53,USD,review_fixture
synthetic,JE-01464,2025-12-08,5000,11546.22,USD,review_fixture
synthetic,JE-01465,2025-01-09,4000,17069.04,USD,review_fixture
synthetic,JE-01466,2025-02-10,5000,17774.53,USD,review_fixture
synthetic,JE-01467,2025-03-11,4000,730.05,USD,review_fixture
synthetic,JE-01468,2025-04-12,5000,12.5,USD,review_fixture
synthetic,JE-01469,2025-05-13,4000,6887.91,USD,review_fixture
synthetic,JE-01470,2025-06-14,5000,6349.27,USD,review_fixture
synthetic,JE-01471,2025-07-15,4000,117.44,USD,review_fixture
synthetic,JE-01472,2025-08-16,5000,34.99,USD,review_fixture
synthetic,JE-01473,2025-09-17,4000,7809.66,USD,review_fixture
synthetic,JE-01474,2025-10-18,5000,120.47,USD,review_fixture
synthetic,JE-01475,2025-11-19,4000,831.85,USD,review_fixture
synthetic,JE-01476,2025-12-20,5000,10000.0,USD,review_fixture
synthetic,JE-01477,2025-01-21,4000,25472.28,USD,review_fixture
synthetic,JE-01478,2025-02-22,5000,89.98,USD,review_fixture
synthetic,JE-01479,2025-03-23,4000,11.26,USD,review_fixture
synthetic,JE-01480,2025-04-24,5000,21231.17,USD,review_fixture
synthetic,JE-01481,2025-05-25,4000,2538.88,USD,review_fixture
synthetic,JE-01482,2025-06-26,5000,248.86,USD,review_fixture
synthetic,JE-01483,2025-07-27,4000,44952.94,USD,review_fixture
synthetic,JE-01484,2025-08-28,5000,182.83,USD,review_fixture
synthetic,JE-01485,2025-09-01,4000,11545.35,USD,review_fixture
synthetic,JE-01486,2025-10-02,5000,12253.2,USD,review_fixture
synthetic,JE-01487,2025-11-03,4000,27.0,USD,review_fixture
synthetic,JE-01488,2025-12-04,5000,450.17,USD,review_fixture
synthetic,JE-01489,2025-01-05,4000,313.55,USD,review_fixture
synthetic,JE-01490,2025-02-06,5000,5452.52,USD,review_fixture
synthetic,JE-01491,2025-03-07,4000,617.62,USD,review_fixture
synthetic,JE-01492,2025-04-08,5000,36214.24,USD,review_fixture
synthetic,JE-01493,2025-05-09,4000,2579.61,USD,review_fixture
synthetic,JE-01494,2025-06-10,5000,1295.39,USD,review_fixture
synthetic,JE-01495,2025-07-11,4000,198.46,USD,review_fixture
synthetic,JE-01496,2025-08-12,5000,78624.52,USD,review_fixture
synthetic,JE-01497,2025-09-13,4000,18.18,USD,review_fixture
synthetic,JE-01498,2025-10-14,5000,383.7,USD,review_fixture
synthetic,JE-01499,2025-11-15,4000,308.86,USD,review_fixture
synthetic,JE-01500,2025-12-16,5000,24.42,USD,review_fixture
